record_id,image_path,category,quality_score,issue_flags
8c107a0eacaa5ee6,data/raw/deepfashion_category/img/1981_Graphic_Ringer_Tee/img_00000001.jpg,t-shirt,71,low_resolution
cf2e8ad1eac21f02,data/raw/deepfashion_category/img/1981_Graphic_Ringer_Tee/img_00000002.jpg,t-shirt,71,low_resolution
cfda6abb56e3d173,data/raw/deepfashion_category/img/1981_Graphic_Ringer_Tee/img_00000003.jpg,t-shirt,71,low_resolution
dd3c041ce0c34908,data/raw/deepfashion_category/img/1981_Graphic_Ringer_Tee/img_00000007.jpg,t-shirt,71,low_resolution
8672cd0469aedb5d,data/raw/deepfashion_category/img/1981_Graphic_Ringer_Tee/img_00000008.jpg,t-shirt,71,low_resolution
0dd25410e6dbcfd1,data/raw/deepfashion_category/img/1981_Graphic_Ringer_Tee/img_00000009.jpg,t-shirt,71,low_resolution
59f717c546c6c39b,data/raw/deepfashion_category/img/1981_Graphic_Ringer_Tee/img_00000010.jpg,t-shirt,71,low_resolution
d00d3fb0c5d1ad09,data/raw/deepfashion_category/img/1981_Graphic_Ringer_Tee/img_00000011.jpg,t-shirt,71,low_resolution
d6bdb5560678a0ee,data/raw/deepfashion_category/img/1981_Graphic_Ringer_Tee/img_00000012.jpg,t-shirt,71,low_resolution
64b28df52ddcdca9,data/raw/deepfashion_category/img/1981_Graphic_Ringer_Tee/img_00000013.jpg,t-shirt,71,low_resolution
e46c7715cd694a04,data/raw/deepfashion_category/img/1981_Graphic_Ringer_Tee/img_00000014.jpg,t-shirt,71,low_resolution
f715a3e89f5f197c,data/raw/deepfashion_category/img/1981_Graphic_Ringer_Tee/img_00000015.jpg,t-shirt,71,low_resolution
fafd41f5ee1f4c8f,data/raw/deepfashion_category/img/1981_Graphic_Ringer_Tee/img_00000016.jpg,t-shirt,71,low_resolution
1a73f553f2c7a99d,data/raw/deepfashion_category/img/1981_Graphic_Ringer_Tee/img_00000017.jpg,t-shirt,71,low_resolution
b0f2cb064253a332,data/raw/deepfashion_category/img/1981_Graphic_Ringer_Tee/img_00000018.jpg,t-shirt,71,low_resolution
9c7f502c7774b880,data/raw/deepfashion_category/img/1981_Graphic_Ringer_Tee/img_00000019.jpg,t-shirt,71,low_resolution
920b4b94140c3eee,data/raw/deepfashion_category/img/1981_Graphic_Ringer_Tee/img_00000020.jpg,t-shirt,71,low_resolution
f0d554221afdd62b,data/raw/deepfashion_category/img/1981_Graphic_Ringer_Tee/img_00000021.jpg,t-shirt,71,low_resolution
17d587e59ce0d22c,data/raw/deepfashion_category/img/1981_Graphic_Ringer_Tee/img_00000022.jpg,t-shirt,71,low_resolution
97c705049f969cbd,data/raw/deepfashion_category/img/1981_Graphic_Ringer_Tee/img_00000023.jpg,t-shirt,71,low_resolution
eb62e7049c7cf962,data/raw/deepfashion_category/img/1981_Graphic_Ringer_Tee/img_00000024.jpg,t-shirt,71,low_resolution
b782898e6449c564,data/raw/deepfashion_category/img/1981_Graphic_Ringer_Tee/img_00000025.jpg,t-shirt,71,low_resolution
f020e759394358ad,data/raw/deepfashion_category/img/1981_Graphic_Ringer_Tee/img_00000026.jpg,t-shirt,71,low_resolution
ea7dcf3c55c1aa0b,data/raw/deepfashion_category/img/1981_Graphic_Ringer_Tee/img_00000027.jpg,t-shirt,71,low_resolution
fbfc5c6a974ead72,data/raw/deepfashion_category/img/1981_Graphic_Ringer_Tee/img_00000029.jpg,t-shirt,71,low_resolution
75d0f4fa82cb3d1b,data/raw/deepfashion_category/img/1981_Graphic_Ringer_Tee/img_00000030.jpg,t-shirt,71,low_resolution
71af5e524c38b1bc,data/raw/deepfashion_category/img/1981_Graphic_Ringer_Tee/img_00000031.jpg,t-shirt,71,low_resolution
9e01cd6495edf557,data/raw/deepfashion_category/img/1981_Graphic_Ringer_Tee/img_00000032.jpg,t-shirt,71,low_resolution
fed685dc67c18711,data/raw/deepfashion_category/img/1981_Graphic_Ringer_Tee/img_00000033.jpg,t-shirt,71,low_resolution
e8a795d3c030b9f4,data/raw/deepfashion_category/img/1981_Graphic_Ringer_Tee/img_00000034.jpg,t-shirt,71,low_resolution
a666133a7fcbb06b,data/raw/deepfashion_category/img/1981_Graphic_Ringer_Tee/img_00000035.jpg,t-shirt,71,low_resolution
578bbe4cf6867860,data/raw/deepfashion_category/img/1981_Graphic_Ringer_Tee/img_00000036.jpg,t-shirt,71,low_resolution
09835ec447ccd502,data/raw/deepfashion_category/img/1981_Graphic_Ringer_Tee/img_00000037.jpg,t-shirt,71,low_resolution
f940403f0b3a17f1,data/raw/deepfashion_category/img/1981_Graphic_Ringer_Tee/img_00000038.jpg,t-shirt,71,low_resolution
a8cc2a947fcfadbe,data/raw/deepfashion_category/img/1981_Graphic_Ringer_Tee/img_00000039.jpg,t-shirt,71,low_resolution
58b2393dbd3bc8d6,data/raw/deepfashion_category/img/1981_Graphic_Ringer_Tee/img_00000040.jpg,t-shirt,71,low_resolution
1d9ea9d42d510725,data/raw/deepfashion_category/img/1981_Graphic_Ringer_Tee/img_00000041.jpg,t-shirt,71,low_resolution
e3a30a52577df094,data/raw/deepfashion_category/img/1981_Graphic_Ringer_Tee/img_00000042.jpg,t-shirt,71,low_resolution
2e007de92f5d7921,data/raw/deepfashion_category/img/1981_Graphic_Ringer_Tee/img_00000043.jpg,t-shirt,71,low_resolution
70dbc2b22ae59c9d,data/raw/deepfashion_category/img/1981_Graphic_Ringer_Tee/img_00000045.jpg,t-shirt,71,low_resolution
cfdb625afb4e8370,data/raw/deepfashion_category/img/1981_Graphic_Ringer_Tee/img_00000047.jpg,t-shirt,71,low_resolution
c19c8f039a9a903b,data/raw/deepfashion_category/img/2-in-1_Space_Dye_Athletic_Tank/img_00000001.jpg,top,73,low_resolution
4835ca185461b920,data/raw/deepfashion_category/img/2-in-1_Space_Dye_Athletic_Tank/img_00000002.jpg,top,73,low_resolution
ba3ab65fcdd9729c,data/raw/deepfashion_category/img/2-in-1_Space_Dye_Athletic_Tank/img_00000004.jpg,top,73,low_resolution
da30c26bd1416915,data/raw/deepfashion_category/img/2-in-1_Space_Dye_Athletic_Tank/img_00000006.jpg,top,73,low_resolution
5dc4e20b11b5dd20,data/raw/deepfashion_category/img/2-in-1_Space_Dye_Athletic_Tank/img_00000007.jpg,top,73,low_resolution
3eb0b18b0ff915bf,data/raw/deepfashion_category/img/2-in-1_Space_Dye_Athletic_Tank/img_00000009.jpg,top,73,low_resolution
47abb6820b1ec7eb,data/raw/deepfashion_category/img/2-in-1_Space_Dye_Athletic_Tank/img_00000010.jpg,top,73,low_resolution
503228cc6f765d1f,data/raw/deepfashion_category/img/2-in-1_Space_Dye_Athletic_Tank/img_00000011.jpg,top,73,low_resolution
1220f95c7fcc19c2,data/raw/deepfashion_category/img/2-in-1_Space_Dye_Athletic_Tank/img_00000013.jpg,top,73,low_resolution
85ce92a3fe8dae0d,data/raw/deepfashion_category/img/2-in-1_Space_Dye_Athletic_Tank/img_00000014.jpg,top,73,low_resolution
a9da640c59dd7efd,data/raw/deepfashion_category/img/2-in-1_Space_Dye_Athletic_Tank/img_00000015.jpg,top,73,low_resolution
37fc833daa3303e5,data/raw/deepfashion_category/img/2-in-1_Space_Dye_Athletic_Tank/img_00000018.jpg,top,73,low_resolution
f54e86c467f59f03,data/raw/deepfashion_category/img/2-in-1_Space_Dye_Athletic_Tank/img_00000019.jpg,top,73,low_resolution
748f869c74e9e9c5,data/raw/deepfashion_category/img/2-in-1_Space_Dye_Athletic_Tank/img_00000020.jpg,top,73,low_resolution
b40e0ba2690c1671,data/raw/deepfashion_category/img/2-in-1_Space_Dye_Athletic_Tank/img_00000022.jpg,top,73,low_resolution
63d919824acb2d45,data/raw/deepfashion_category/img/2-in-1_Space_Dye_Athletic_Tank/img_00000023.jpg,top,73,low_resolution
c040b5289f8de167,data/raw/deepfashion_category/img/2-in-1_Space_Dye_Athletic_Tank/img_00000024.jpg,top,73,low_resolution
50acbc3cf319afac,data/raw/deepfashion_category/img/2-in-1_Space_Dye_Athletic_Tank/img_00000025.jpg,top,73,low_resolution
9e928ad7b7590f7f,data/raw/deepfashion_category/img/2-in-1_Space_Dye_Athletic_Tank/img_00000027.jpg,top,73,low_resolution
e3ec1da09e178b85,data/raw/deepfashion_category/img/2-in-1_Space_Dye_Athletic_Tank/img_00000029.jpg,top,73,low_resolution
38c3629b68066d9e,data/raw/deepfashion_category/img/2-in-1_Space_Dye_Athletic_Tank/img_00000030.jpg,top,73,low_resolution
f16a905fbf245d46,data/raw/deepfashion_category/img/2-in-1_Space_Dye_Athletic_Tank/img_00000032.jpg,top,73,low_resolution
5a1dd06cdfd4f1cd,data/raw/deepfashion_category/img/2-in-1_Space_Dye_Athletic_Tank/img_00000035.jpg,top,73,low_resolution
c2b49f76c4bf8f8d,data/raw/deepfashion_category/img/2-in-1_Space_Dye_Athletic_Tank/img_00000036.jpg,top,73,low_resolution
1ea940d36e0289f0,data/raw/deepfashion_category/img/2-in-1_Space_Dye_Athletic_Tank/img_00000037.jpg,top,73,low_resolution
8c3ded15f048425b,data/raw/deepfashion_category/img/2-in-1_Space_Dye_Athletic_Tank/img_00000038.jpg,top,73,low_resolution
f46de67658680661,data/raw/deepfashion_category/img/2-in-1_Space_Dye_Athletic_Tank/img_00000039.jpg,top,73,low_resolution
76443c8adbe8a05d,data/raw/deepfashion_category/img/2-in-1_Space_Dye_Athletic_Tank/img_00000042.jpg,top,73,low_resolution
6ae886bdda11467c,data/raw/deepfashion_category/img/2-in-1_Space_Dye_Athletic_Tank/img_00000043.jpg,top,73,low_resolution
b1e1ec738abe9b14,data/raw/deepfashion_category/img/2-in-1_Space_Dye_Athletic_Tank/img_00000045.jpg,top,73,low_resolution
303c5d73f9ba6f99,data/raw/deepfashion_category/img/2-in-1_Space_Dye_Athletic_Tank/img_00000047.jpg,top,73,low_resolution
db3338297527b092,data/raw/deepfashion_category/img/2-in-1_Space_Dye_Athletic_Tank/img_00000048.jpg,top,73,low_resolution
2431200b378506d0,data/raw/deepfashion_category/img/2-in-1_Space_Dye_Athletic_Tank/img_00000049.jpg,top,73,low_resolution
517a895203807a06,data/raw/deepfashion_category/img/2-in-1_Space_Dye_Athletic_Tank/img_00000050.jpg,top,73,low_resolution
89ef9c90badb840b,data/raw/deepfashion_category/img/2-in-1_Space_Dye_Athletic_Tank/img_00000051.jpg,top,73,low_resolution
9c29db64f6a06e6f,data/raw/deepfashion_category/img/2-in-1_Space_Dye_Athletic_Tank/img_00000052.jpg,top,73,low_resolution
ed77beac1ef0e6e0,data/raw/deepfashion_category/img/2-in-1_Space_Dye_Athletic_Tank/img_00000053.jpg,top,73,low_resolution
05d0c74437ce6c0e,data/raw/deepfashion_category/img/2-in-1_Space_Dye_Athletic_Tank/img_00000055.jpg,top,73,low_resolution
88988f41dbdab0ed,data/raw/deepfashion_category/img/2-in-1_Space_Dye_Athletic_Tank/img_00000058.jpg,top,73,low_resolution
1e7e919c7c1dc085,data/raw/deepfashion_category/img/2-in-1_Space_Dye_Athletic_Tank/img_00000059.jpg,top,73,low_resolution
242f798e595041ae,data/raw/deepfashion_category/img/25_Mesh-Paneled_Jersey_Dress/img_00000001.jpg,dress,71,low_resolution
8d4296f96ced030b,data/raw/deepfashion_category/img/25_Mesh-Paneled_Jersey_Dress/img_00000002.jpg,dress,71,low_resolution
0d7f5e2545789916,data/raw/deepfashion_category/img/25_Mesh-Paneled_Jersey_Dress/img_00000006.jpg,dress,71,low_resolution
16934bdc83c20713,data/raw/deepfashion_category/img/25_Mesh-Paneled_Jersey_Dress/img_00000007.jpg,dress,71,low_resolution
84578f366ecae2b1,data/raw/deepfashion_category/img/25_Mesh-Paneled_Jersey_Dress/img_00000009.jpg,dress,71,low_resolution
ea2bc4004a11ae5e,data/raw/deepfashion_category/img/25_Mesh-Paneled_Jersey_Dress/img_00000010.jpg,dress,71,low_resolution
d228de4023a465e9,data/raw/deepfashion_category/img/25_Mesh-Paneled_Jersey_Dress/img_00000011.jpg,dress,71,low_resolution
112bdcae4e888454,data/raw/deepfashion_category/img/25_Mesh-Paneled_Jersey_Dress/img_00000012.jpg,dress,71,low_resolution
9e808aa7aaec6ad1,data/raw/deepfashion_category/img/25_Mesh-Paneled_Jersey_Dress/img_00000013.jpg,dress,71,low_resolution
8e8c08149b307ef1,data/raw/deepfashion_category/img/25_Mesh-Paneled_Jersey_Dress/img_00000014.jpg,dress,71,low_resolution
dfe1ba62f015dfe7,data/raw/deepfashion_category/img/25_Mesh-Paneled_Jersey_Dress/img_00000016.jpg,dress,71,low_resolution
ec0f1dbbd667329d,data/raw/deepfashion_category/img/25_Mesh-Paneled_Jersey_Dress/img_00000017.jpg,dress,71,low_resolution
ab8cac9b1ab5b98f,data/raw/deepfashion_category/img/25_Mesh-Paneled_Jersey_Dress/img_00000020.jpg,dress,71,low_resolution
bec218e19e49182d,data/raw/deepfashion_category/img/25_Mesh-Paneled_Jersey_Dress/img_00000021.jpg,dress,71,low_resolution
2d627c009d0002b7,data/raw/deepfashion_category/img/25_Mesh-Paneled_Jersey_Dress/img_00000022.jpg,dress,71,low_resolution
a7e4f947fcf4659e,data/raw/deepfashion_category/img/25_Mesh-Paneled_Jersey_Dress/img_00000023.jpg,dress,71,low_resolution
1d80cdc3a62ff211,data/raw/deepfashion_category/img/25_Mesh-Paneled_Jersey_Dress/img_00000025.jpg,dress,71,low_resolution
ea4e1806ed8a76ec,data/raw/deepfashion_category/img/25_Mesh-Paneled_Jersey_Dress/img_00000027.jpg,dress,71,low_resolution
58051b6ef32a9908,data/raw/deepfashion_category/img/25_Mesh-Paneled_Jersey_Dress/img_00000028.jpg,dress,71,low_resolution
73c7c52212156006,data/raw/deepfashion_category/img/25_Mesh-Paneled_Jersey_Dress/img_00000031.jpg,dress,71,low_resolution
a1ddd1d1a3a9f285,data/raw/deepfashion_category/img/25_Mesh-Paneled_Jersey_Dress/img_00000035.jpg,dress,71,low_resolution
46a946567f5109f8,data/raw/deepfashion_category/img/25_Mesh-Paneled_Jersey_Dress/img_00000036.jpg,dress,71,low_resolution
5558745321eab756,data/raw/deepfashion_category/img/25_Mesh-Paneled_Jersey_Dress/img_00000037.jpg,dress,71,low_resolution
e4ed2a303fe8ba1e,data/raw/deepfashion_category/img/25_Mesh-Paneled_Jersey_Dress/img_00000038.jpg,dress,71,low_resolution
a02feb014325f485,data/raw/deepfashion_category/img/25_Mesh-Paneled_Jersey_Dress/img_00000041.jpg,dress,71,low_resolution
9ea182bebdbccf95,data/raw/deepfashion_category/img/25_Mesh-Paneled_Jersey_Dress/img_00000042.jpg,dress,71,low_resolution
1c6908afb7054f0c,data/raw/deepfashion_category/img/25_Mesh-Paneled_Jersey_Dress/img_00000043.jpg,dress,71,low_resolution
36f7d129ddad53eb,data/raw/deepfashion_category/img/25_Mesh-Paneled_Jersey_Dress/img_00000045.jpg,dress,71,low_resolution
b9c5e0af85a5d813,data/raw/deepfashion_category/img/36_Plaid_Shirt_Dress/img_00000004.jpg,dress,71,low_resolution
919c6ec8ed705007,data/raw/deepfashion_category/img/36_Plaid_Shirt_Dress/img_00000006.jpg,dress,71,low_resolution
e98b7b32abff221c,data/raw/deepfashion_category/img/36_Plaid_Shirt_Dress/img_00000007.jpg,dress,71,low_resolution
90276b7de0723d17,data/raw/deepfashion_category/img/36_Plaid_Shirt_Dress/img_00000011.jpg,dress,71,low_resolution
3166c1b0b4e51919,data/raw/deepfashion_category/img/36_Plaid_Shirt_Dress/img_00000012.jpg,dress,71,low_resolution
bbc355f40e73ebe1,data/raw/deepfashion_category/img/36_Plaid_Shirt_Dress/img_00000014.jpg,dress,71,low_resolution
02717a9e46b9954f,data/raw/deepfashion_category/img/36_Plaid_Shirt_Dress/img_00000020.jpg,dress,71,low_resolution
a39bd8ed6f1e7b09,data/raw/deepfashion_category/img/36_Plaid_Shirt_Dress/img_00000023.jpg,dress,71,low_resolution
f21b79c13d519b81,data/raw/deepfashion_category/img/36_Plaid_Shirt_Dress/img_00000024.jpg,dress,71,low_resolution
1de4f2386d68cefc,data/raw/deepfashion_category/img/36_Plaid_Shirt_Dress/img_00000027.jpg,dress,71,low_resolution
1de365abd8901138,data/raw/deepfashion_category/img/36_Plaid_Shirt_Dress/img_00000031.jpg,dress,71,low_resolution
ded0e0cdd5c546c0,data/raw/deepfashion_category/img/36_Plaid_Shirt_Dress/img_00000033.jpg,dress,71,low_resolution
70613664529a7f51,data/raw/deepfashion_category/img/36_Plaid_Shirt_Dress/img_00000036.jpg,dress,71,low_resolution
5368133e798455ed,data/raw/deepfashion_category/img/36_Plaid_Shirt_Dress/img_00000039.jpg,dress,71,low_resolution
4010405de8898a2f,data/raw/deepfashion_category/img/36_Plaid_Shirt_Dress/img_00000044.jpg,dress,71,low_resolution
e5e72ee6853ea577,data/raw/deepfashion_category/img/Above_Average_Linen_Tee/img_00000001.jpg,t-shirt,71,low_resolution
040a8d7e22d7c3db,data/raw/deepfashion_category/img/Above_Average_Linen_Tee/img_00000002.jpg,t-shirt,71,low_resolution
0f91ad2eced7f5bc,data/raw/deepfashion_category/img/Above_Average_Linen_Tee/img_00000003.jpg,t-shirt,71,low_resolution
0081dda2890bf49d,data/raw/deepfashion_category/img/Above_Average_Linen_Tee/img_00000005.jpg,t-shirt,71,low_resolution
1cb1e8bd79e95e99,data/raw/deepfashion_category/img/Above_Average_Linen_Tee/img_00000006.jpg,t-shirt,71,low_resolution
e92ea70ef837c17a,data/raw/deepfashion_category/img/Above_Average_Linen_Tee/img_00000007.jpg,t-shirt,71,low_resolution
a4a7778664e69fa8,data/raw/deepfashion_category/img/Above_Average_Linen_Tee/img_00000008.jpg,t-shirt,71,low_resolution
8997e68084bd2f70,data/raw/deepfashion_category/img/Above_Average_Linen_Tee/img_00000009.jpg,t-shirt,71,low_resolution
286410c66fd64667,data/raw/deepfashion_category/img/Above_Average_Linen_Tee/img_00000011.jpg,t-shirt,71,low_resolution
271a0a22b6ef2613,data/raw/deepfashion_category/img/Above_Average_Linen_Tee/img_00000012.jpg,t-shirt,71,low_resolution
69260f194e6cc7a0,data/raw/deepfashion_category/img/Above_Average_Linen_Tee/img_00000013.jpg,t-shirt,71,low_resolution
6d8d77ef9a98d822,data/raw/deepfashion_category/img/Above_Average_Linen_Tee/img_00000014.jpg,t-shirt,71,low_resolution
7dce8b0c756cb340,data/raw/deepfashion_category/img/Above_Average_Linen_Tee/img_00000016.jpg,t-shirt,71,low_resolution
a7ac405e7fe1e7e8,data/raw/deepfashion_category/img/Above_Average_Linen_Tee/img_00000017.jpg,t-shirt,71,low_resolution
8d0da596895a6421,data/raw/deepfashion_category/img/Above_Average_Linen_Tee/img_00000018.jpg,t-shirt,71,low_resolution
823a847339610a2b,data/raw/deepfashion_category/img/Above_Average_Linen_Tee/img_00000021.jpg,t-shirt,71,low_resolution
483d4b51ae634c12,data/raw/deepfashion_category/img/Above_Average_Linen_Tee/img_00000022.jpg,t-shirt,71,low_resolution
60dcd30453c4ed94,data/raw/deepfashion_category/img/Above_Average_Linen_Tee/img_00000023.jpg,t-shirt,71,low_resolution
e19e9fc0240d694b,data/raw/deepfashion_category/img/Above_Average_Linen_Tee/img_00000029.jpg,t-shirt,71,low_resolution
95d64de380fb1e07,data/raw/deepfashion_category/img/Above_Average_Linen_Tee/img_00000031.jpg,t-shirt,71,low_resolution
586a502f36bed490,data/raw/deepfashion_category/img/Above_Average_Linen_Tee/img_00000032.jpg,t-shirt,71,low_resolution
aa3d5afe2c425867,data/raw/deepfashion_category/img/Above_Average_Linen_Tee/img_00000033.jpg,t-shirt,71,low_resolution
1da27cd4c209cc8f,data/raw/deepfashion_category/img/Above_Average_Linen_Tee/img_00000036.jpg,t-shirt,71,low_resolution
f9748511c54b5bf9,data/raw/deepfashion_category/img/Above_Average_Linen_Tee/img_00000037.jpg,t-shirt,71,low_resolution
52505039f2eb8a8a,data/raw/deepfashion_category/img/Above_Average_Linen_Tee/img_00000038.jpg,t-shirt,71,low_resolution
6b438e52b17d5a91,data/raw/deepfashion_category/img/Above_Average_Linen_Tee/img_00000040.jpg,t-shirt,71,low_resolution
2084cc52833bc3f2,data/raw/deepfashion_category/img/Above_Average_Linen_Tee/img_00000041.jpg,t-shirt,71,low_resolution
20240bcc6978df97,data/raw/deepfashion_category/img/Abstract-Embroidered_Glitter_Shorts/img_00000001.jpg,shorts,71,low_resolution
a86a8f1e55b00f6d,data/raw/deepfashion_category/img/Abstract-Embroidered_Glitter_Shorts/img_00000002.jpg,shorts,71,low_resolution
db7513555928683d,data/raw/deepfashion_category/img/Abstract-Embroidered_Glitter_Shorts/img_00000004.jpg,shorts,71,low_resolution
866feefc0ffa58e4,data/raw/deepfashion_category/img/Abstract-Embroidered_Glitter_Shorts/img_00000005.jpg,shorts,71,low_resolution
604c55990e158b81,data/raw/deepfashion_category/img/Abstract-Embroidered_Glitter_Shorts/img_00000006.jpg,shorts,71,low_resolution
dc7bdcdf0fc1c9bb,data/raw/deepfashion_category/img/Abstract-Embroidered_Glitter_Shorts/img_00000007.jpg,shorts,71,low_resolution
83a365d65e692334,data/raw/deepfashion_category/img/Abstract-Embroidered_Glitter_Shorts/img_00000008.jpg,shorts,71,low_resolution
8f82a590bce8c1c7,data/raw/deepfashion_category/img/Abstract-Embroidered_Glitter_Shorts/img_00000009.jpg,shorts,71,low_resolution
c6762c37c14e108f,data/raw/deepfashion_category/img/Abstract-Embroidered_Glitter_Shorts/img_00000010.jpg,shorts,71,low_resolution
40df7797f19e703d,data/raw/deepfashion_category/img/Abstract-Embroidered_Glitter_Shorts/img_00000011.jpg,shorts,71,low_resolution
d738e4a0f12b2da5,data/raw/deepfashion_category/img/Abstract-Embroidered_Glitter_Shorts/img_00000012.jpg,shorts,71,low_resolution
1a91241ec6ff6e7f,data/raw/deepfashion_category/img/Abstract-Embroidered_Glitter_Shorts/img_00000014.jpg,shorts,71,low_resolution
bccccfd459b242a6,data/raw/deepfashion_category/img/Abstract-Embroidered_Glitter_Shorts/img_00000018.jpg,shorts,71,low_resolution
afe4029c59ec2c1a,data/raw/deepfashion_category/img/Abstract-Embroidered_Glitter_Shorts/img_00000021.jpg,shorts,71,low_resolution
eb8327d142a4d59a,data/raw/deepfashion_category/img/Abstract-Embroidered_Glitter_Shorts/img_00000022.jpg,shorts,71,low_resolution
6027ea9b8825b72c,data/raw/deepfashion_category/img/Abstract-Embroidered_Glitter_Shorts/img_00000023.jpg,shorts,71,low_resolution
05085f4195b7aa6c,data/raw/deepfashion_category/img/Abstract-Embroidered_Glitter_Shorts/img_00000024.jpg,shorts,71,low_resolution
e174e311caa544ea,data/raw/deepfashion_category/img/Abstract-Embroidered_Glitter_Shorts/img_00000025.jpg,shorts,71,low_resolution
3efe433f5fe11225,data/raw/deepfashion_category/img/Abstract-Embroidered_Glitter_Shorts/img_00000027.jpg,shorts,71,low_resolution
a5dee58b0d5cf2bd,data/raw/deepfashion_category/img/Abstract-Embroidered_Glitter_Shorts/img_00000028.jpg,shorts,71,low_resolution
ed6a93ceffadbafb,data/raw/deepfashion_category/img/Abstract-Embroidered_Glitter_Shorts/img_00000029.jpg,shorts,71,low_resolution
f92041825918669d,data/raw/deepfashion_category/img/Abstract-Embroidered_Glitter_Shorts/img_00000030.jpg,shorts,71,low_resolution
c30a4034b5764329,data/raw/deepfashion_category/img/Abstract-Embroidered_Glitter_Shorts/img_00000031.jpg,shorts,71,low_resolution
568d37a3dae4fbf5,data/raw/deepfashion_category/img/Abstract-Embroidered_Glitter_Shorts/img_00000035.jpg,shorts,71,low_resolution
1d8757589feaa9ce,data/raw/deepfashion_category/img/Abstract-Geo_Print_Mini_Skirt/img_00000001.jpg,skirt,71,low_resolution
d0c2f2bcb6539cea,data/raw/deepfashion_category/img/Abstract-Geo_Print_Mini_Skirt/img_00000002.jpg,skirt,71,low_resolution
e75958a570a4b94d,data/raw/deepfashion_category/img/Abstract-Geo_Print_Mini_Skirt/img_00000004.jpg,skirt,71,low_resolution
1da9c465d8933f89,data/raw/deepfashion_category/img/Abstract-Geo_Print_Mini_Skirt/img_00000005.jpg,skirt,71,low_resolution
158de8cee4f685ae,data/raw/deepfashion_category/img/Abstract-Geo_Print_Mini_Skirt/img_00000007.jpg,skirt,71,low_resolution
f6d59771e5f8074a,data/raw/deepfashion_category/img/Abstract-Geo_Print_Mini_Skirt/img_00000008.jpg,skirt,71,low_resolution
975364a64c6aaa46,data/raw/deepfashion_category/img/Abstract-Geo_Print_Mini_Skirt/img_00000010.jpg,skirt,71,low_resolution
5994e28795846d3e,data/raw/deepfashion_category/img/Abstract-Geo_Print_Mini_Skirt/img_00000011.jpg,skirt,71,low_resolution
772ddefd3877ad88,data/raw/deepfashion_category/img/Abstract-Geo_Print_Mini_Skirt/img_00000012.jpg,skirt,71,low_resolution
8a229f990a75efcf,data/raw/deepfashion_category/img/Abstract-Geo_Print_Mini_Skirt/img_00000013.jpg,skirt,71,low_resolution
8b8488fa7fc43314,data/raw/deepfashion_category/img/Abstract-Geo_Print_Mini_Skirt/img_00000014.jpg,skirt,71,low_resolution
fd6644dfd6a79adc,data/raw/deepfashion_category/img/Abstract-Geo_Print_Mini_Skirt/img_00000015.jpg,skirt,71,low_resolution
f528cb1a07e31ae6,data/raw/deepfashion_category/img/Abstract-Geo_Print_Mini_Skirt/img_00000017.jpg,skirt,71,low_resolution
fb4397e703b284d0,data/raw/deepfashion_category/img/Abstract-Geo_Print_Mini_Skirt/img_00000021.jpg,skirt,71,low_resolution
ca05d1d65c4c1eb2,data/raw/deepfashion_category/img/Abstract-Geo_Print_Mini_Skirt/img_00000022.jpg,skirt,71,low_resolution
913a3996b951a355,data/raw/deepfashion_category/img/Abstract-Geo_Print_Mini_Skirt/img_00000023.jpg,skirt,71,low_resolution
380111aba1945629,data/raw/deepfashion_category/img/Abstract-Geo_Print_Mini_Skirt/img_00000024.jpg,skirt,71,low_resolution
8325a52093a81a94,data/raw/deepfashion_category/img/Abstract-Geo_Print_Mini_Skirt/img_00000025.jpg,skirt,71,low_resolution
02bb95cf127225a3,data/raw/deepfashion_category/img/Abstract-Geo_Print_Mini_Skirt/img_00000026.jpg,skirt,71,low_resolution
0b4d8f834b82a9e9,data/raw/deepfashion_category/img/Abstract-Geo_Print_Mini_Skirt/img_00000028.jpg,skirt,71,low_resolution
7c40fe5b68d17bdf,data/raw/deepfashion_category/img/Abstract-Geo_Print_Mini_Skirt/img_00000029.jpg,skirt,71,low_resolution
965fb9b2d43a9f22,data/raw/deepfashion_category/img/Abstract-Geo_Print_Mini_Skirt/img_00000030.jpg,skirt,61,duplicate_image;low_resolution
2bea2b4794f66ac8,data/raw/deepfashion_category/img/Abstract-Geo_Print_Mini_Skirt/img_00000031.jpg,skirt,71,low_resolution
18f9007cdb48d03b,data/raw/deepfashion_category/img/Abstract-Geo_Print_Mini_Skirt/img_00000032.jpg,skirt,71,low_resolution
08dba54dca934576,data/raw/deepfashion_category/img/Abstract-Geo_Print_Mini_Skirt/img_00000033.jpg,skirt,71,low_resolution
c03ca4712c2abcff,data/raw/deepfashion_category/img/Abstract-Geo_Print_Mini_Skirt/img_00000034.jpg,skirt,71,low_resolution
d1fc6592ad2b0c76,data/raw/deepfashion_category/img/Abstract-Geo_Print_Mini_Skirt/img_00000035.jpg,skirt,71,low_resolution
47ff540b5b522d22,data/raw/deepfashion_category/img/Abstract-Geo_Print_Mini_Skirt/img_00000039.jpg,skirt,71,low_resolution
eca0a1776a28127d,data/raw/deepfashion_category/img/Abstract-Geo_Print_Mini_Skirt/img_00000040.jpg,skirt,71,low_resolution
50ba199f12d1f5bc,data/raw/deepfashion_category/img/Abstract-Geo_Print_Mini_Skirt/img_00000042.jpg,skirt,71,low_resolution
e37332354d7a13de,data/raw/deepfashion_category/img/Abstract-Geo_Print_Mini_Skirt/img_00000043.jpg,skirt,71,low_resolution
68b0eb6f3b222f15,data/raw/deepfashion_category/img/Abstract-Geo_Print_Mini_Skirt/img_00000049.jpg,skirt,71,low_resolution
8ac1277bed294d53,data/raw/deepfashion_category/img/Abstract-Paneled_Running_Shorts/img_00000001.jpg,shorts,66,low_resolution
529afd52ad9efc67,data/raw/deepfashion_category/img/Abstract-Paneled_Running_Shorts/img_00000003.jpg,shorts,66,low_resolution
3f230b988ef9c917,data/raw/deepfashion_category/img/Abstract-Paneled_Running_Shorts/img_00000004.jpg,shorts,66,low_resolution
3adc36a9d1461f4f,data/raw/deepfashion_category/img/Abstract-Paneled_Running_Shorts/img_00000005.jpg,shorts,66,low_resolution
b346de9c4c51b04b,data/raw/deepfashion_category/img/Abstract-Paneled_Running_Shorts/img_00000007.jpg,shorts,66,low_resolution
c020de75999ea437,data/raw/deepfashion_category/img/Abstract-Paneled_Running_Shorts/img_00000010.jpg,shorts,66,low_resolution
2a530363a982e5f6,data/raw/deepfashion_category/img/Abstract-Paneled_Running_Shorts/img_00000011.jpg,shorts,66,low_resolution
b4baa6c36222caf5,data/raw/deepfashion_category/img/Abstract-Paneled_Running_Shorts/img_00000012.jpg,shorts,66,low_resolution
1f55878fd0da7f9c,data/raw/deepfashion_category/img/Abstract-Paneled_Running_Shorts/img_00000013.jpg,shorts,66,low_resolution
51bad97299514986,data/raw/deepfashion_category/img/Abstract-Paneled_Running_Shorts/img_00000014.jpg,shorts,66,low_resolution
2006d9ffeb8930e0,data/raw/deepfashion_category/img/Abstract-Paneled_Running_Shorts/img_00000015.jpg,shorts,66,low_resolution
6e8b012d45e01867,data/raw/deepfashion_category/img/Abstract-Patterned_Blouse/img_00000001.jpg,blouse,66,low_resolution
1c2647926422674e,data/raw/deepfashion_category/img/Abstract-Patterned_Blouse/img_00000004.jpg,blouse,66,low_resolution
28e6e9b5e1c382d5,data/raw/deepfashion_category/img/Abstract-Patterned_Blouse/img_00000005.jpg,blouse,66,low_resolution
96f53796eb05c6ca,data/raw/deepfashion_category/img/Abstract-Patterned_Blouse/img_00000007.jpg,blouse,66,low_resolution
526e78e1dfce2d4b,data/raw/deepfashion_category/img/Abstract-Patterned_Blouse/img_00000008.jpg,blouse,66,low_resolution
da28b5712b9f5007,data/raw/deepfashion_category/img/Abstract-Patterned_Blouse/img_00000010.jpg,blouse,66,low_resolution
4c0c73032c018e01,data/raw/deepfashion_category/img/Abstract-Patterned_Blouse/img_00000011.jpg,blouse,66,low_resolution
d176989fff8dd157,data/raw/deepfashion_category/img/Abstract-Patterned_Blouse/img_00000013.jpg,blouse,66,low_resolution
cdddd300a898837b,data/raw/deepfashion_category/img/Abstract-Patterned_Blouse/img_00000014.jpg,blouse,66,low_resolution
78a7c3bc8a71cb8b,data/raw/deepfashion_category/img/Abstract-Patterned_Blouse/img_00000015.jpg,blouse,66,low_resolution
34d2c4f8bbd367ac,data/raw/deepfashion_category/img/Abstract-Patterned_Blouse/img_00000018.jpg,blouse,66,low_resolution
fd50a2acfbd5c669,data/raw/deepfashion_category/img/Abstract-Patterned_Blouse/img_00000019.jpg,blouse,66,low_resolution
d586a6536e3243c1,data/raw/deepfashion_category/img/Abstract-Patterned_Blouse/img_00000020.jpg,blouse,66,low_resolution
157754b911f47b65,data/raw/deepfashion_category/img/Abstract-Patterned_Blouse/img_00000021.jpg,blouse,66,low_resolution
1b20909227a4692e,data/raw/deepfashion_category/img/Abstract-Patterned_Blouse/img_00000022.jpg,blouse,66,low_resolution
94037a9762713840,data/raw/deepfashion_category/img/Abstract-Patterned_Blouse/img_00000024.jpg,blouse,66,low_resolution
dbfc6a1cc3aff74c,data/raw/deepfashion_category/img/Abstract-Patterned_Blouse/img_00000026.jpg,blouse,66,low_resolution
1cb2c072dac4a34b,data/raw/deepfashion_category/img/Abstract-Patterned_Blouse/img_00000027.jpg,blouse,66,low_resolution
1e8a855a96d5ca98,data/raw/deepfashion_category/img/Abstract-Patterned_Blouse/img_00000028.jpg,blouse,66,low_resolution
b9362b61fc973dc9,data/raw/deepfashion_category/img/Abstract-Patterned_Blouse/img_00000029.jpg,blouse,66,low_resolution
66f6b82c85b95818,data/raw/deepfashion_category/img/Abstract-Patterned_Blouse/img_00000032.jpg,blouse,66,low_resolution
65f4703e97d00fc5,data/raw/deepfashion_category/img/Abstract-Patterned_Blouse/img_00000033.jpg,blouse,66,low_resolution
2856b23ad6ee625c,data/raw/deepfashion_category/img/Abstract-Patterned_Blouse/img_00000037.jpg,blouse,66,low_resolution
ff8c14047aec86f1,data/raw/deepfashion_category/img/Abstract-Patterned_Blouse/img_00000038.jpg,blouse,66,low_resolution
e1b05876e90db69b,data/raw/deepfashion_category/img/Abstract-Patterned_Blouse/img_00000039.jpg,blouse,66,low_resolution
58f9260019520f6a,data/raw/deepfashion_category/img/Abstract-Patterned_Blouse/img_00000040.jpg,blouse,66,low_resolution
24e7da3139525101,data/raw/deepfashion_category/img/Abstract-Patterned_Blouse/img_00000041.jpg,blouse,66,low_resolution
bc6cbaa6e582f31f,data/raw/deepfashion_category/img/Abstract-Patterned_Blouse/img_00000042.jpg,blouse,66,low_resolution
45af2e23c0ad4e61,data/raw/deepfashion_category/img/Abstract-Patterned_Blouse/img_00000043.jpg,blouse,66,low_resolution
0ee4445aeda79dea,data/raw/deepfashion_category/img/Abstract-Patterned_Blouse/img_00000044.jpg,blouse,66,low_resolution
bde4e9c8e36ea85a,data/raw/deepfashion_category/img/Abstract-Patterned_Blouse/img_00000045.jpg,blouse,66,low_resolution
2ff87046e4d692db,data/raw/deepfashion_category/img/Abstract-Patterned_Blouse/img_00000046.jpg,blouse,66,low_resolution
42276269d584a68f,data/raw/deepfashion_category/img/Abstract-Patterned_Blouse/img_00000047.jpg,blouse,66,low_resolution
ae9e9ad0e3059b6a,data/raw/deepfashion_category/img/Abstract-Patterned_Blouse/img_00000053.jpg,blouse,66,low_resolution
5b90959d4ccb9e79,data/raw/deepfashion_category/img/Abstract-Patterned_Blouse/img_00000055.jpg,blouse,66,low_resolution
60529e396c87ee25,data/raw/deepfashion_category/img/Abstract-Patterned_Blouse/img_00000056.jpg,blouse,66,low_resolution
e73b8b3253508bdb,data/raw/deepfashion_category/img/Abstract-Patterned_Blouse/img_00000057.jpg,blouse,66,low_resolution
4daee9d308d9e9ea,data/raw/deepfashion_category/img/Abstract-Patterned_Blouse/img_00000059.jpg,blouse,66,low_resolution
22dd39bff01b4df5,data/raw/deepfashion_category/img/Abstract-Patterned_Blouse/img_00000063.jpg,blouse,66,low_resolution
5dba9cb3868f8412,data/raw/deepfashion_category/img/Abstract-Patterned_Blouse/img_00000066.jpg,blouse,66,low_resolution
331801dd545cf7bd,data/raw/deepfashion_category/img/Abstract-Patterned_Blouse/img_00000067.jpg,blouse,66,low_resolution
08a709440a865144,data/raw/deepfashion_category/img/Abstract-Patterned_Blouse/img_00000068.jpg,blouse,66,low_resolution
0ec11deb447b7d30,data/raw/deepfashion_category/img/Abstract-Patterned_Blouse/img_00000070.jpg,blouse,66,low_resolution
ad56542cf7292221,data/raw/deepfashion_category/img/Abstract-Patterned_Blouse/img_00000072.jpg,blouse,66,low_resolution
a04cb9e6900f216b,data/raw/deepfashion_category/img/Abstract-Patterned_Blouse/img_00000074.jpg,blouse,66,low_resolution
75e2db8acf9c6a29,data/raw/deepfashion_category/img/Abstract-Patterned_Blouse/img_00000075.jpg,blouse,66,low_resolution
d161c002d00ac413,data/raw/deepfashion_category/img/Abstract-Patterned_Blouse/img_00000076.jpg,blouse,66,low_resolution
af61bf169b255dd9,data/raw/deepfashion_category/img/Abstract-Patterned_Blouse/img_00000077.jpg,blouse,66,low_resolution
2bb34d69daf4e683,data/raw/deepfashion_category/img/Abstract-Patterned_Blouse/img_00000078.jpg,blouse,66,low_resolution
442f350f955dee8b,data/raw/deepfashion_category/img/Abstract-Patterned_Blouse/img_00000079.jpg,blouse,66,low_resolution
737bf90d739387c4,data/raw/deepfashion_category/img/Abstract-Patterned_Blouse/img_00000082.jpg,blouse,66,low_resolution
658c289ea8d460aa,data/raw/deepfashion_category/img/Abstract-Patterned_Blouse/img_00000083.jpg,blouse,66,low_resolution
8bee2facf8b94f71,data/raw/deepfashion_category/img/Abstract-Patterned_Blouse/img_00000084.jpg,blouse,66,low_resolution
5c57c4620d536ed6,data/raw/deepfashion_category/img/Abstract-Patterned_Blouse/img_00000085.jpg,blouse,66,low_resolution
c20f49c08c39bb00,data/raw/deepfashion_category/img/Abstract-Patterned_Blouse/img_00000086.jpg,blouse,66,low_resolution
90a8307f7ec63635,data/raw/deepfashion_category/img/Abstract-Patterned_Blouse/img_00000090.jpg,blouse,66,low_resolution
6e424c07daa2d2f2,data/raw/deepfashion_category/img/Abstract-Patterned_Blouse/img_00000091.jpg,blouse,66,low_resolution
d0d49013d72dd8d3,data/raw/deepfashion_category/img/Abstract-Patterned_Blouse/img_00000092.jpg,blouse,66,low_resolution
efd3b2a3c4eef2f6,data/raw/deepfashion_category/img/Abstract-Patterned_Blouse/img_00000093.jpg,blouse,66,low_resolution
747c37bf4b08d0ba,data/raw/deepfashion_category/img/Abstract-Patterned_Blouse/img_00000094.jpg,blouse,66,low_resolution
3cc84ee494d26f78,data/raw/deepfashion_category/img/Abstract-Patterned_Blouse/img_00000096.jpg,blouse,66,low_resolution
3b48dc69cc91a21c,data/raw/deepfashion_category/img/Abstract-Patterned_Blouse/img_00000097.jpg,blouse,66,low_resolution
0d4e606dfd4013f7,data/raw/deepfashion_category/img/Abstract-Patterned_Blouse/img_00000099.jpg,blouse,66,low_resolution
3b7771f48fcc2dac,data/raw/deepfashion_category/img/Abstract-Patterned_Blouse/img_00000100.jpg,blouse,66,low_resolution
1b1664d50069d33a,data/raw/deepfashion_category/img/Abstract-Patterned_Blouse/img_00000101.jpg,blouse,66,low_resolution
3d1871f762b40804,data/raw/deepfashion_category/img/Abstract-Patterned_Blouse/img_00000102.jpg,blouse,66,low_resolution
1b98589325a78b3a,data/raw/deepfashion_category/img/Abstract-Patterned_Blouse/img_00000103.jpg,blouse,66,low_resolution
c5f6137da7794882,data/raw/deepfashion_category/img/Abstract-Patterned_Blouse/img_00000104.jpg,blouse,66,low_resolution
1b094bb2378ae5cf,data/raw/deepfashion_category/img/Abstract-Patterned_Blouse/img_00000105.jpg,blouse,66,low_resolution
4cbd9d1b1b3f8afc,data/raw/deepfashion_category/img/Abstract-Patterned_Blouse/img_00000108.jpg,blouse,66,low_resolution
d4bce3073b9f010d,data/raw/deepfashion_category/img/Abstract-Plaid_Ruffled_Bell_Sleeve_Top/img_00000004.jpg,top,78,low_resolution
ed8be3ae8733d45a,data/raw/deepfashion_category/img/Abstract-Plaid_Ruffled_Bell_Sleeve_Top/img_00000005.jpg,top,78,low_resolution
8a4e178418ae3255,data/raw/deepfashion_category/img/Abstract-Plaid_Ruffled_Bell_Sleeve_Top/img_00000006.jpg,top,78,low_resolution
92507ba26ce02395,data/raw/deepfashion_category/img/Abstract-Plaid_Ruffled_Bell_Sleeve_Top/img_00000007.jpg,top,78,low_resolution
18278d4dd7ff76d9,data/raw/deepfashion_category/img/Abstract-Plaid_Ruffled_Bell_Sleeve_Top/img_00000008.jpg,top,78,low_resolution
2e5caf74691a7a52,data/raw/deepfashion_category/img/Abstract-Plaid_Ruffled_Bell_Sleeve_Top/img_00000009.jpg,top,78,low_resolution
37a211f68aa0036a,data/raw/deepfashion_category/img/Abstract-Plaid_Ruffled_Bell_Sleeve_Top/img_00000010.jpg,top,78,low_resolution
255020b6668d00e1,data/raw/deepfashion_category/img/Abstract-Plaid_Ruffled_Bell_Sleeve_Top/img_00000012.jpg,top,78,low_resolution
b1e0654b43266a0e,data/raw/deepfashion_category/img/Abstract-Plaid_Ruffled_Bell_Sleeve_Top/img_00000013.jpg,top,78,low_resolution
0e2323a86d4511bc,data/raw/deepfashion_category/img/Abstract-Plaid_Ruffled_Bell_Sleeve_Top/img_00000014.jpg,top,78,low_resolution
cdadd9a093c6756b,data/raw/deepfashion_category/img/Abstract-Plaid_Ruffled_Bell_Sleeve_Top/img_00000015.jpg,top,78,low_resolution
7c33493ef7d6df1f,data/raw/deepfashion_category/img/Abstract-Plaid_Ruffled_Bell_Sleeve_Top/img_00000016.jpg,top,78,low_resolution
77bd5e410b114b85,data/raw/deepfashion_category/img/Abstract-Plaid_Ruffled_Bell_Sleeve_Top/img_00000017.jpg,top,78,low_resolution
f9113b4ad8c8b51b,data/raw/deepfashion_category/img/Abstract-Plaid_Ruffled_Bell_Sleeve_Top/img_00000018.jpg,top,78,low_resolution
e79e40cc14c76549,data/raw/deepfashion_category/img/Abstract-Plaid_Ruffled_Bell_Sleeve_Top/img_00000019.jpg,top,78,low_resolution
de93f42a128ffab3,data/raw/deepfashion_category/img/Abstract-Plaid_Ruffled_Bell_Sleeve_Top/img_00000021.jpg,top,78,low_resolution
6e9d8fc22f163e6c,data/raw/deepfashion_category/img/Abstract-Plaid_Ruffled_Bell_Sleeve_Top/img_00000022.jpg,top,78,low_resolution
a2e2c0320ff8b30f,data/raw/deepfashion_category/img/Abstract-Plaid_Ruffled_Bell_Sleeve_Top/img_00000023.jpg,top,78,low_resolution
d7894c7ae0bb0643,data/raw/deepfashion_category/img/Abstract-Plaid_Ruffled_Bell_Sleeve_Top/img_00000026.jpg,top,78,low_resolution
9527fa73acb9be4a,data/raw/deepfashion_category/img/Abstract-Plaid_Ruffled_Bell_Sleeve_Top/img_00000027.jpg,top,78,low_resolution
bea13fce88d01324,data/raw/deepfashion_category/img/Abstract-Plaid_Ruffled_Bell_Sleeve_Top/img_00000028.jpg,top,78,low_resolution
290bf46fd691f8f9,data/raw/deepfashion_category/img/Abstract-Plaid_Ruffled_Bell_Sleeve_Top/img_00000030.jpg,top,78,low_resolution
6416f90310ef64d4,data/raw/deepfashion_category/img/Abstract-Plaid_Ruffled_Bell_Sleeve_Top/img_00000031.jpg,top,78,low_resolution
acc1f00592fa3321,data/raw/deepfashion_category/img/Abstract-Plaid_Ruffled_Bell_Sleeve_Top/img_00000034.jpg,top,78,low_resolution
3d745a40226dd391,data/raw/deepfashion_category/img/Abstract-Plaid_Ruffled_Bell_Sleeve_Top/img_00000036.jpg,top,78,low_resolution
5ae7fd2d5bd7ef21,data/raw/deepfashion_category/img/Abstract-Plaid_Ruffled_Bell_Sleeve_Top/img_00000037.jpg,top,78,low_resolution
502eb72f440b35d2,data/raw/deepfashion_category/img/Abstract-Plaid_Ruffled_Bell_Sleeve_Top/img_00000038.jpg,top,78,low_resolution
6f248c339c115b19,data/raw/deepfashion_category/img/Abstract-Plaid_Ruffled_Bell_Sleeve_Top/img_00000039.jpg,top,78,low_resolution
cdd619e26f1cb106,data/raw/deepfashion_category/img/Abstract-Plaid_Ruffled_Bell_Sleeve_Top/img_00000040.jpg,top,78,low_resolution
8cb686d0bf4792cc,data/raw/deepfashion_category/img/Abstract-Plaid_Ruffled_Bell_Sleeve_Top/img_00000041.jpg,top,78,low_resolution
aa59ee4d4f6a53cb,data/raw/deepfashion_category/img/Abstract-Plaid_Ruffled_Bell_Sleeve_Top/img_00000044.jpg,top,78,low_resolution
f962704a2625ebaf,data/raw/deepfashion_category/img/Abstract-Printed_Capri_Leggings/img_00000003.jpg,pants,66,low_resolution
c4901815833fd8be,data/raw/deepfashion_category/img/Abstract-Printed_Capri_Leggings/img_00000004.jpg,pants,66,low_resolution
846119843e105da8,data/raw/deepfashion_category/img/Abstract-Printed_Capri_Leggings/img_00000005.jpg,pants,66,low_resolution
9c30f214bde02c8e,data/raw/deepfashion_category/img/Abstract-Printed_Capri_Leggings/img_00000006.jpg,pants,66,low_resolution
b29287458bee1575,data/raw/deepfashion_category/img/Abstract-Printed_Capri_Leggings/img_00000010.jpg,pants,66,low_resolution
c3b08bf089566ca3,data/raw/deepfashion_category/img/Abstract-Printed_Capri_Leggings/img_00000012.jpg,pants,66,low_resolution
b7c2d710c8a453eb,data/raw/deepfashion_category/img/Abstract-Printed_Capri_Leggings/img_00000013.jpg,pants,66,low_resolution
4b3d542b9e4ea8fd,data/raw/deepfashion_category/img/Abstract-Printed_Capri_Leggings/img_00000015.jpg,pants,66,low_resolution
dbbe64038ad48e84,data/raw/deepfashion_category/img/Abstract-Printed_Capri_Leggings/img_00000019.jpg,pants,66,low_resolution
c7e56eb3aec23e09,data/raw/deepfashion_category/img/Abstract-Printed_Capri_Leggings/img_00000020.jpg,pants,66,low_resolution
b6e83d3a459c4c2c,data/raw/deepfashion_category/img/Abstract-Printed_Capri_Leggings/img_00000022.jpg,pants,66,low_resolution
27fc3faef531fb62,data/raw/deepfashion_category/img/Abstract-Printed_Capri_Leggings/img_00000023.jpg,pants,66,low_resolution
03e3c6ae70f3b00c,data/raw/deepfashion_category/img/Abstract-Printed_Capri_Leggings/img_00000024.jpg,pants,66,low_resolution
416d96dae049f487,data/raw/deepfashion_category/img/Abstract-Printed_Capri_Leggings/img_00000026.jpg,pants,66,low_resolution
f7acf70d350168ab,data/raw/deepfashion_category/img/Abstract-Printed_Capri_Leggings/img_00000027.jpg,pants,66,low_resolution
13bcc65b4f2674a9,data/raw/deepfashion_category/img/Abstract-Printed_Capri_Leggings/img_00000029.jpg,pants,66,low_resolution
61258abf2a5e9743,data/raw/deepfashion_category/img/Abstract-Printed_Capri_Leggings/img_00000030.jpg,pants,66,low_resolution
e8247c165901e091,data/raw/deepfashion_category/img/Abstract-Quilted_Drawstring_Hoodie/img_00000001.jpg,hoodie,66,low_resolution
05425bc8f8601efa,data/raw/deepfashion_category/img/Abstract-Quilted_Drawstring_Hoodie/img_00000003.jpg,hoodie,66,low_resolution
9fe14566c6dc3e5b,data/raw/deepfashion_category/img/Abstract-Quilted_Drawstring_Hoodie/img_00000004.jpg,hoodie,66,low_resolution
9f4205d961b81218,data/raw/deepfashion_category/img/Abstract-Quilted_Drawstring_Hoodie/img_00000007.jpg,hoodie,66,low_resolution
46b62a3016626747,data/raw/deepfashion_category/img/Abstract-Quilted_Drawstring_Hoodie/img_00000010.jpg,hoodie,66,low_resolution
dd76a1752bc0f07b,data/raw/deepfashion_category/img/Abstract-Quilted_Drawstring_Hoodie/img_00000011.jpg,hoodie,66,low_resolution
341bc27e904c04cf,data/raw/deepfashion_category/img/Abstract-Quilted_Drawstring_Hoodie/img_00000012.jpg,hoodie,66,low_resolution
ae71fd916b934fae,data/raw/deepfashion_category/img/Abstract-Quilted_Drawstring_Hoodie/img_00000014.jpg,hoodie,66,low_resolution
ac808686bacedd06,data/raw/deepfashion_category/img/Abstract-Quilted_Drawstring_Hoodie/img_00000015.jpg,hoodie,66,low_resolution
9ee9585a83d5833a,data/raw/deepfashion_category/img/Abstract-Quilted_Drawstring_Hoodie/img_00000017.jpg,hoodie,66,low_resolution
a262f5806d3fe996,data/raw/deepfashion_category/img/Abstract-Quilted_Drawstring_Hoodie/img_00000019.jpg,hoodie,66,low_resolution
9af4e637a346e9c6,data/raw/deepfashion_category/img/Abstract-Quilted_Drawstring_Hoodie/img_00000020.jpg,hoodie,66,low_resolution
42a39cee7a28f5e2,data/raw/deepfashion_category/img/Abstract-Quilted_Drawstring_Hoodie/img_00000022.jpg,hoodie,66,low_resolution
d69d94250e7db286,data/raw/deepfashion_category/img/Abstract-Quilted_Drawstring_Hoodie/img_00000023.jpg,hoodie,66,low_resolution
49d9da433d568b6f,data/raw/deepfashion_category/img/Abstract-Quilted_Drawstring_Hoodie/img_00000025.jpg,hoodie,66,low_resolution
eed2d2a2d7553d38,data/raw/deepfashion_category/img/Abstract-Quilted_Drawstring_Hoodie/img_00000027.jpg,hoodie,66,low_resolution
87ac042e976ab2bb,data/raw/deepfashion_category/img/Abstract-Quilted_Drawstring_Hoodie/img_00000028.jpg,hoodie,66,low_resolution
a578252dd3da8332,data/raw/deepfashion_category/img/Abstract-Quilted_Drawstring_Hoodie/img_00000029.jpg,hoodie,66,low_resolution
8e73ee2dbe4e9cc2,data/raw/deepfashion_category/img/Abstract-Quilted_Drawstring_Hoodie/img_00000031.jpg,hoodie,66,low_resolution
3bbc63b941602d53,data/raw/deepfashion_category/img/Abstract-Quilted_Drawstring_Hoodie/img_00000032.jpg,hoodie,66,low_resolution
ca5402ab35dba120,data/raw/deepfashion_category/img/Abstract-Quilted_Drawstring_Hoodie/img_00000033.jpg,hoodie,66,low_resolution
f5c8ab18068e8f28,data/raw/deepfashion_category/img/Abstract-Quilted_Drawstring_Hoodie/img_00000034.jpg,hoodie,66,low_resolution
490accbb93821d98,data/raw/deepfashion_category/img/Abstract-Quilted_Drawstring_Hoodie/img_00000035.jpg,hoodie,66,low_resolution
c8f01376ed46abc2,data/raw/deepfashion_category/img/Abstract-Quilted_Drawstring_Hoodie/img_00000036.jpg,hoodie,66,low_resolution
e28560a57de6384b,data/raw/deepfashion_category/img/Abstract-Quilted_Drawstring_Hoodie/img_00000037.jpg,hoodie,66,low_resolution
7dd4c518c2bae0e3,data/raw/deepfashion_category/img/Abstract-Quilted_Drawstring_Hoodie/img_00000038.jpg,hoodie,66,low_resolution
ff231e786e55f144,data/raw/deepfashion_category/img/Abstract-Quilted_Drawstring_Hoodie/img_00000039.jpg,hoodie,66,low_resolution
14280100d75b381d,data/raw/deepfashion_category/img/Abstract-Quilted_Drawstring_Hoodie/img_00000040.jpg,hoodie,66,low_resolution
6d2372c38fbd9d6f,data/raw/deepfashion_category/img/Abstract-Quilted_Drawstring_Hoodie/img_00000042.jpg,hoodie,66,low_resolution
b5327a0cfb02a830,data/raw/deepfashion_category/img/Abstract-Quilted_Drawstring_Hoodie/img_00000043.jpg,hoodie,66,low_resolution
e5101e1cf3c1876c,data/raw/deepfashion_category/img/Abstract-Quilted_Drawstring_Hoodie/img_00000045.jpg,hoodie,66,low_resolution
4ae6abacdde63bf6,data/raw/deepfashion_category/img/Abstract-Quilted_Drawstring_Hoodie/img_00000046.jpg,hoodie,66,low_resolution
049cc39a1cbaafa8,data/raw/deepfashion_category/img/Abstract-Stripe_Fuzzy_Sweater/img_00000001.jpg,sweater,71,low_resolution
9f79233ef358ffba,data/raw/deepfashion_category/img/Abstract-Stripe_Fuzzy_Sweater/img_00000002.jpg,sweater,71,low_resolution
c2bde5ad50831d7f,data/raw/deepfashion_category/img/Abstract-Stripe_Fuzzy_Sweater/img_00000003.jpg,sweater,71,low_resolution
6576d71d11f510ba,data/raw/deepfashion_category/img/Abstract-Stripe_Fuzzy_Sweater/img_00000004.jpg,sweater,71,low_resolution
54caa16f798fb239,data/raw/deepfashion_category/img/Abstract-Stripe_Fuzzy_Sweater/img_00000005.jpg,sweater,71,low_resolution
19eea1361e4f11a7,data/raw/deepfashion_category/img/Abstract-Stripe_Fuzzy_Sweater/img_00000007.jpg,sweater,71,low_resolution
522acfaf4fc88305,data/raw/deepfashion_category/img/Abstract-Stripe_Fuzzy_Sweater/img_00000008.jpg,sweater,71,low_resolution
72e8d5065702d83b,data/raw/deepfashion_category/img/Abstract-Stripe_Fuzzy_Sweater/img_00000009.jpg,sweater,71,low_resolution
d12994c1cb2467fd,data/raw/deepfashion_category/img/Abstract-Stripe_Fuzzy_Sweater/img_00000010.jpg,sweater,71,low_resolution
c87cd0b70e1e138e,data/raw/deepfashion_category/img/Abstract-Stripe_Fuzzy_Sweater/img_00000011.jpg,sweater,71,low_resolution
2a2f8093d698b9ff,data/raw/deepfashion_category/img/Abstract-Stripe_Fuzzy_Sweater/img_00000012.jpg,sweater,71,low_resolution
92e6171ad34e0d6a,data/raw/deepfashion_category/img/Abstract-Stripe_Fuzzy_Sweater/img_00000013.jpg,sweater,71,low_resolution
73e61e48a4b28227,data/raw/deepfashion_category/img/Abstract-Stripe_Fuzzy_Sweater/img_00000014.jpg,sweater,71,low_resolution
89a8e11cf014ee99,data/raw/deepfashion_category/img/Abstract-Stripe_Fuzzy_Sweater/img_00000015.jpg,sweater,71,low_resolution
1157f22b98767e5b,data/raw/deepfashion_category/img/Abstract-Stripe_Fuzzy_Sweater/img_00000016.jpg,sweater,71,low_resolution
cbc0531c1266ec4c,data/raw/deepfashion_category/img/Abstract-Stripe_Fuzzy_Sweater/img_00000017.jpg,sweater,71,low_resolution
f57823108c08862c,data/raw/deepfashion_category/img/Abstract-Stripe_Fuzzy_Sweater/img_00000018.jpg,sweater,71,low_resolution
e99433f69fa19d11,data/raw/deepfashion_category/img/Abstract-Stripe_Fuzzy_Sweater/img_00000021.jpg,sweater,71,low_resolution
c9d3459a87fa73f8,data/raw/deepfashion_category/img/Abstract-Stripe_Fuzzy_Sweater/img_00000023.jpg,sweater,71,low_resolution
41a4dc58e2d4cb88,data/raw/deepfashion_category/img/Abstract-Stripe_Fuzzy_Sweater/img_00000024.jpg,sweater,71,low_resolution
14d1fff395cb55e6,data/raw/deepfashion_category/img/Abstract-Stripe_Fuzzy_Sweater/img_00000025.jpg,sweater,71,low_resolution
c5cf5aab555852fb,data/raw/deepfashion_category/img/Abstract-Stripe_Fuzzy_Sweater/img_00000026.jpg,sweater,71,low_resolution
cf8b3a810c9bac50,data/raw/deepfashion_category/img/Abstract-Stripe_Fuzzy_Sweater/img_00000028.jpg,sweater,71,low_resolution
e576dcd13f4d5d7a,data/raw/deepfashion_category/img/Abstract-Stripe_Fuzzy_Sweater/img_00000030.jpg,sweater,71,low_resolution
276f376821f46106,data/raw/deepfashion_category/img/Abstract-Stripe_Fuzzy_Sweater/img_00000032.jpg,sweater,71,low_resolution
d27592bd61df3f7d,data/raw/deepfashion_category/img/Abstract-Stripe_Fuzzy_Sweater/img_00000033.jpg,sweater,71,low_resolution
29384f01d65ef896,data/raw/deepfashion_category/img/Abstract-Striped_Ladder-Back_Dress/img_00000001.jpg,dress,71,low_resolution
7dc180eeb30fb4fc,data/raw/deepfashion_category/img/Abstract-Striped_Ladder-Back_Dress/img_00000002.jpg,dress,71,low_resolution
1546d259b1a7bfb5,data/raw/deepfashion_category/img/Abstract-Striped_Ladder-Back_Dress/img_00000003.jpg,dress,71,low_resolution
3e5babe5f8c93a12,data/raw/deepfashion_category/img/Abstract-Striped_Ladder-Back_Dress/img_00000004.jpg,dress,71,low_resolution
9dff45fce3192245,data/raw/deepfashion_category/img/Abstract-Striped_Ladder-Back_Dress/img_00000005.jpg,dress,71,low_resolution
962751e83f5ee720,data/raw/deepfashion_category/img/Abstract-Striped_Ladder-Back_Dress/img_00000006.jpg,dress,71,low_resolution
9f26b39d65cedb0b,data/raw/deepfashion_category/img/Abstract-Striped_Ladder-Back_Dress/img_00000007.jpg,dress,71,low_resolution
438d633c2bf630de,data/raw/deepfashion_category/img/Abstract-Striped_Ladder-Back_Dress/img_00000008.jpg,dress,71,low_resolution
ac443ff8b58b3e62,data/raw/deepfashion_category/img/Abstract-Striped_Ladder-Back_Dress/img_00000009.jpg,dress,71,low_resolution
783011e19abbdd0c,data/raw/deepfashion_category/img/Abstract-Striped_Ladder-Back_Dress/img_00000010.jpg,dress,71,low_resolution
13bb0aa41811d33d,data/raw/deepfashion_category/img/Abstract-Striped_Ladder-Back_Dress/img_00000013.jpg,dress,71,low_resolution
994a27724779de75,data/raw/deepfashion_category/img/Abstract-Striped_Ladder-Back_Dress/img_00000014.jpg,dress,71,low_resolution
ca60b3b66dd0610b,data/raw/deepfashion_category/img/Abstract-Striped_Ladder-Back_Dress/img_00000015.jpg,dress,71,low_resolution
31731256505d246f,data/raw/deepfashion_category/img/Abstract-Striped_Ladder-Back_Dress/img_00000016.jpg,dress,71,low_resolution
d91133e697b5a07a,data/raw/deepfashion_category/img/Abstract-Striped_Ladder-Back_Dress/img_00000018.jpg,dress,71,low_resolution
196f5fe8db32c660,data/raw/deepfashion_category/img/Abstract-Striped_Ladder-Back_Dress/img_00000019.jpg,dress,71,low_resolution
7fa9b779b651fc80,data/raw/deepfashion_category/img/Abstract-Striped_Ladder-Back_Dress/img_00000020.jpg,dress,71,low_resolution
a066f822600db256,data/raw/deepfashion_category/img/Abstract-Striped_Ladder-Back_Dress/img_00000022.jpg,dress,71,low_resolution
1687a6df961a9959,data/raw/deepfashion_category/img/Abstract-Striped_Ladder-Back_Dress/img_00000024.jpg,dress,71,low_resolution
18e58dc9128b354d,data/raw/deepfashion_category/img/Abstract-Striped_Ladder-Back_Dress/img_00000025.jpg,dress,71,low_resolution
d739429fb4b18f06,data/raw/deepfashion_category/img/Abstract-Striped_Ladder-Back_Dress/img_00000026.jpg,dress,71,low_resolution
2c374f37b5ba8507,data/raw/deepfashion_category/img/Abstract-Striped_Ladder-Back_Dress/img_00000030.jpg,dress,71,low_resolution
5f5ca785291b5230,data/raw/deepfashion_category/img/Abstract-Striped_Ladder-Back_Dress/img_00000032.jpg,dress,71,low_resolution
dcf7979582041f77,data/raw/deepfashion_category/img/Abstract-Striped_Ladder-Back_Dress/img_00000033.jpg,dress,71,low_resolution
42c9682091819767,data/raw/deepfashion_category/img/Abstract-Striped_Ladder-Back_Dress/img_00000034.jpg,dress,71,low_resolution
f8159cb73d29efde,data/raw/deepfashion_category/img/Abstract-Striped_Ladder-Back_Dress/img_00000035.jpg,dress,71,low_resolution
772d3c43fa2a6b7d,data/raw/deepfashion_category/img/Abstract-Striped_Ladder-Back_Dress/img_00000036.jpg,dress,71,low_resolution
a95e0f8a76182ddd,data/raw/deepfashion_category/img/Abstract-Striped_Ladder-Back_Dress/img_00000037.jpg,dress,71,low_resolution
b1229d3c76cd81fc,data/raw/deepfashion_category/img/Abstract-Striped_Ladder-Back_Dress/img_00000039.jpg,dress,71,low_resolution
a4ccf7bd56a861e6,data/raw/deepfashion_category/img/Abstract-Striped_Ladder-Back_Dress/img_00000040.jpg,dress,71,low_resolution
9b4abcc105a7a122,data/raw/deepfashion_category/img/Abstract-Striped_Ladder-Back_Dress/img_00000042.jpg,dress,71,low_resolution
f6db4417cea9021c,data/raw/deepfashion_category/img/Abstract-Striped_Ladder-Back_Dress/img_00000043.jpg,dress,71,low_resolution
d633d1f9f070cd9e,data/raw/deepfashion_category/img/Abstract-Trimmed_Knit_Tank/img_00000001.jpg,top,71,low_resolution
20d897f5101f668b,data/raw/deepfashion_category/img/Abstract-Trimmed_Knit_Tank/img_00000002.jpg,top,71,low_resolution
39f041d06f397eee,data/raw/deepfashion_category/img/Abstract-Trimmed_Knit_Tank/img_00000003.jpg,top,71,low_resolution
74cf18dd9d9f82bc,data/raw/deepfashion_category/img/Abstract-Trimmed_Knit_Tank/img_00000004.jpg,top,71,low_resolution
44f56477b2f7cb0a,data/raw/deepfashion_category/img/Abstract-Trimmed_Knit_Tank/img_00000005.jpg,top,71,low_resolution
aa69c654725379c2,data/raw/deepfashion_category/img/Abstract-Trimmed_Knit_Tank/img_00000006.jpg,top,71,low_resolution
ffcb728c81b439f1,data/raw/deepfashion_category/img/Abstract-Trimmed_Knit_Tank/img_00000007.jpg,top,71,low_resolution
854e078689bb9778,data/raw/deepfashion_category/img/Abstract-Trimmed_Knit_Tank/img_00000008.jpg,top,71,low_resolution
0146f6b4ed797f34,data/raw/deepfashion_category/img/Abstract-Trimmed_Knit_Tank/img_00000009.jpg,top,71,low_resolution
b06aadbc84e51c69,data/raw/deepfashion_category/img/Abstract-Trimmed_Knit_Tank/img_00000010.jpg,top,71,low_resolution
ff8356db8bf6e27f,data/raw/deepfashion_category/img/Abstract-Trimmed_Knit_Tank/img_00000011.jpg,top,71,low_resolution
7198ee673da84f32,data/raw/deepfashion_category/img/Abstract-Trimmed_Knit_Tank/img_00000012.jpg,top,71,low_resolution
23553d283534e256,data/raw/deepfashion_category/img/Abstract-Trimmed_Knit_Tank/img_00000013.jpg,top,71,low_resolution
eeb1802f335368f7,data/raw/deepfashion_category/img/Abstract-Trimmed_Knit_Tank/img_00000014.jpg,top,71,low_resolution
8f6f9fb561352181,data/raw/deepfashion_category/img/Abstract-Trimmed_Knit_Tank/img_00000015.jpg,top,71,low_resolution
5c9d5a8df1073e44,data/raw/deepfashion_category/img/Abstract-Trimmed_Knit_Tank/img_00000016.jpg,top,71,low_resolution
775c01a27e3a0096,data/raw/deepfashion_category/img/Abstract-Trimmed_Knit_Tank/img_00000017.jpg,top,71,low_resolution
a2c85900ea3e9050,data/raw/deepfashion_category/img/Abstract-Trimmed_Knit_Tank/img_00000018.jpg,top,71,low_resolution
6f797553aa9476f5,data/raw/deepfashion_category/img/Abstract-Trimmed_Knit_Tank/img_00000019.jpg,top,71,low_resolution
1657c53839689fbe,data/raw/deepfashion_category/img/Abstract-Trimmed_Knit_Tank/img_00000022.jpg,top,71,low_resolution
3b8e7fa52cc549c6,data/raw/deepfashion_category/img/Abstract-Trimmed_Knit_Tank/img_00000024.jpg,top,71,low_resolution
d33cf43180b67ff2,data/raw/deepfashion_category/img/Abstract-Trimmed_Knit_Tank/img_00000025.jpg,top,71,low_resolution
c68c9095db724aa8,data/raw/deepfashion_category/img/Abstract-Trimmed_Knit_Tank/img_00000026.jpg,top,71,low_resolution
95d17f9bef24f88f,data/raw/deepfashion_category/img/Abstract-Trimmed_Knit_Tank/img_00000027.jpg,top,71,low_resolution
369dc918ac4f96f2,data/raw/deepfashion_category/img/Abstract-Trimmed_Knit_Tank/img_00000028.jpg,top,71,low_resolution
7c9ff7439f55fcab,data/raw/deepfashion_category/img/Abstract-Trimmed_Knit_Tank/img_00000029.jpg,top,71,low_resolution
472afa3a05e6d2a0,data/raw/deepfashion_category/img/Abstract-Trimmed_Knit_Tank/img_00000030.jpg,top,71,low_resolution
3fcf3828d99ebdbb,data/raw/deepfashion_category/img/Abstract-Trimmed_Knit_Tank/img_00000031.jpg,top,71,low_resolution
7eae1633509d0e8d,data/raw/deepfashion_category/img/Abstract-Trimmed_Knit_Tank/img_00000032.jpg,top,71,low_resolution
19f6db9c88cbd850,data/raw/deepfashion_category/img/Abstract-Watercolor_Print_Blouse/img_00000006.jpg,blouse,71,low_resolution
26ff469e995f0ef7,data/raw/deepfashion_category/img/Abstract-Watercolor_Print_Blouse/img_00000008.jpg,blouse,71,low_resolution
48eaea4c40d9c424,data/raw/deepfashion_category/img/Abstract-Watercolor_Print_Blouse/img_00000009.jpg,blouse,71,low_resolution
290b299aa3a22bc1,data/raw/deepfashion_category/img/Abstract-Watercolor_Print_Blouse/img_00000013.jpg,blouse,71,low_resolution
2b07a69c061c65d0,data/raw/deepfashion_category/img/Abstract-Watercolor_Print_Blouse/img_00000014.jpg,blouse,71,low_resolution
23b21802de54139a,data/raw/deepfashion_category/img/Abstract-Watercolor_Print_Blouse/img_00000015.jpg,blouse,71,low_resolution
f32fd198eddfef1f,data/raw/deepfashion_category/img/Abstract-Watercolor_Print_Blouse/img_00000016.jpg,blouse,71,low_resolution
1015b85440f5a89b,data/raw/deepfashion_category/img/Abstract-Watercolor_Print_Blouse/img_00000017.jpg,blouse,71,low_resolution
a838ba865f4035f8,data/raw/deepfashion_category/img/Abstract-Watercolor_Print_Blouse/img_00000020.jpg,blouse,71,low_resolution
0f75741a559d3efa,data/raw/deepfashion_category/img/Abstract-Watercolor_Print_Blouse/img_00000021.jpg,blouse,71,low_resolution
763c3cb828f64a81,data/raw/deepfashion_category/img/Abstract-Watercolor_Print_Blouse/img_00000025.jpg,blouse,71,low_resolution
0161717be5718046,data/raw/deepfashion_category/img/Abstract-Watercolor_Print_Blouse/img_00000026.jpg,blouse,71,low_resolution
76db0f2c42d0b9c8,data/raw/deepfashion_category/img/Abstract-Watercolor_Print_Blouse/img_00000027.jpg,blouse,71,low_resolution
4008d387bac7211b,data/raw/deepfashion_category/img/Abstract-Watercolor_Print_Blouse/img_00000028.jpg,blouse,71,low_resolution
23034c8df5775777,data/raw/deepfashion_category/img/Abstract-Watercolor_Print_Blouse/img_00000030.jpg,blouse,71,low_resolution
6ff2dbdb4d94115f,data/raw/deepfashion_category/img/Abstract-Watercolor_Print_Blouse/img_00000031.jpg,blouse,71,low_resolution
418d027fa3a19b73,data/raw/deepfashion_category/img/Abstract-Watercolor_Print_Blouse/img_00000032.jpg,blouse,71,low_resolution
d9c331d36dfb7bd6,data/raw/deepfashion_category/img/Abstract-Watercolor_Print_Blouse/img_00000033.jpg,blouse,71,low_resolution
9baacd12529b89b0,data/raw/deepfashion_category/img/Abstract-Watercolor_Print_Blouse/img_00000034.jpg,blouse,71,low_resolution
d234d6017c3f0f54,data/raw/deepfashion_category/img/Abstract_Animal_Print_Dress/img_00000001.jpg,dress,71,low_resolution
1415971dc5b20fcc,data/raw/deepfashion_category/img/Abstract_Animal_Print_Dress/img_00000002.jpg,dress,71,low_resolution
9c68f0c6e4b32ac5,data/raw/deepfashion_category/img/Abstract_Animal_Print_Dress/img_00000003.jpg,dress,71,low_resolution
1cad11eca04d1ec6,data/raw/deepfashion_category/img/Abstract_Animal_Print_Dress/img_00000004.jpg,dress,71,low_resolution
097525ab68547fe7,data/raw/deepfashion_category/img/Abstract_Animal_Print_Dress/img_00000006.jpg,dress,71,low_resolution
3dc13eaf8b44fd2b,data/raw/deepfashion_category/img/Abstract_Animal_Print_Dress/img_00000009.jpg,dress,71,low_resolution
852820e5ce9a308d,data/raw/deepfashion_category/img/Abstract_Animal_Print_Dress/img_00000012.jpg,dress,71,low_resolution
04edc14a7e0d81a6,data/raw/deepfashion_category/img/Abstract_Animal_Print_Dress/img_00000013.jpg,dress,71,low_resolution
b4573054cfa6d501,data/raw/deepfashion_category/img/Abstract_Animal_Print_Dress/img_00000014.jpg,dress,71,low_resolution
422dcce1516acc67,data/raw/deepfashion_category/img/Abstract_Animal_Print_Dress/img_00000015.jpg,dress,71,low_resolution
5ae53c1169943551,data/raw/deepfashion_category/img/Abstract_Animal_Print_Dress/img_00000016.jpg,dress,71,low_resolution
d8ddd85e7500af42,data/raw/deepfashion_category/img/Abstract_Animal_Print_Dress/img_00000017.jpg,dress,71,low_resolution
63c3c325753580d6,data/raw/deepfashion_category/img/Abstract_Animal_Print_Dress/img_00000018.jpg,dress,71,low_resolution
e9499cfe725cff89,data/raw/deepfashion_category/img/Abstract_Animal_Print_Dress/img_00000019.jpg,dress,71,low_resolution
56277238662a56f3,data/raw/deepfashion_category/img/Abstract_Animal_Print_Dress/img_00000022.jpg,dress,71,low_resolution
e7f9f01eba3f8805,data/raw/deepfashion_category/img/Abstract_Animal_Print_Dress/img_00000023.jpg,dress,71,low_resolution
39dba2198748251b,data/raw/deepfashion_category/img/Abstract_Animal_Print_Dress/img_00000025.jpg,dress,71,low_resolution
61a586aaf1804b90,data/raw/deepfashion_category/img/Abstract_Animal_Print_Dress/img_00000030.jpg,dress,71,low_resolution
225439daf57afb7d,data/raw/deepfashion_category/img/Abstract_Animal_Print_Dress/img_00000031.jpg,dress,71,low_resolution
61cd2056e4b8e79c,data/raw/deepfashion_category/img/Abstract_Animal_Print_Dress/img_00000038.jpg,dress,71,low_resolution
02d39101efe5dbf4,data/raw/deepfashion_category/img/Abstract_Animal_Print_Dress/img_00000039.jpg,dress,71,low_resolution
808e67d10249ea50,data/raw/deepfashion_category/img/Abstract_Animal_Print_Dress/img_00000040.jpg,dress,71,low_resolution
67f5472ca1093c6d,data/raw/deepfashion_category/img/Abstract_Animal_Print_Dress/img_00000044.jpg,dress,71,low_resolution
9baa3225281f65a0,data/raw/deepfashion_category/img/Abstract_Animal_Print_Dress/img_00000046.jpg,dress,71,low_resolution
2ecd46dbb93ec930,data/raw/deepfashion_category/img/Abstract_Animal_Print_Dress/img_00000048.jpg,dress,71,low_resolution
3290a186987479e8,data/raw/deepfashion_category/img/Abstract_Animal_Print_Dress/img_00000049.jpg,dress,71,low_resolution
0898113e7dda9a67,data/raw/deepfashion_category/img/Abstract_Animal_Print_Dress/img_00000051.jpg,dress,71,low_resolution
b13a5d2b5229a066,data/raw/deepfashion_category/img/Abstract_Animal_Print_Dress/img_00000052.jpg,dress,71,low_resolution
bd2489d898293cef,data/raw/deepfashion_category/img/Abstract_Animal_Print_Dress/img_00000053.jpg,dress,71,low_resolution
7222ccd737c11231,data/raw/deepfashion_category/img/Abstract_Animal_Print_Dress/img_00000056.jpg,dress,71,low_resolution
4b200d2c707d68da,data/raw/deepfashion_category/img/Abstract_Animal_Print_Dress/img_00000059.jpg,dress,71,low_resolution
f609e9e1cace4fb7,data/raw/deepfashion_category/img/Abstract_Animal_Print_Dress/img_00000060.jpg,dress,71,low_resolution
0d9da3b5439e09ed,data/raw/deepfashion_category/img/Abstract_Animal_Print_Dress/img_00000061.jpg,dress,71,low_resolution
a9e4aff6ad0a6632,data/raw/deepfashion_category/img/Abstract_Animal_Print_Dress/img_00000062.jpg,dress,71,low_resolution
d89e690b5d1939db,data/raw/deepfashion_category/img/Abstract_Animal_Print_Dress/img_00000063.jpg,dress,71,low_resolution
4b17e37347d7f474,data/raw/deepfashion_category/img/Abstract_Animal_Print_Dress/img_00000065.jpg,dress,71,low_resolution
a722b2b2b15ca68a,data/raw/deepfashion_category/img/Abstract_Animal_Print_Dress/img_00000066.jpg,dress,71,low_resolution
10cf946802facdc1,data/raw/deepfashion_category/img/Abstract_Animal_Print_Dress/img_00000067.jpg,dress,71,low_resolution
91dc0ee5e5b04493,data/raw/deepfashion_category/img/Abstract_Arrow_Flounce_Romper/img_00000001.jpg,romper,66,low_resolution
045da90b6524747e,data/raw/deepfashion_category/img/Abstract_Arrow_Flounce_Romper/img_00000004.jpg,romper,66,low_resolution
977094f1d0549f62,data/raw/deepfashion_category/img/Abstract_Arrow_Flounce_Romper/img_00000005.jpg,romper,66,low_resolution
91d5041fd86a37c3,data/raw/deepfashion_category/img/Abstract_Arrow_Flounce_Romper/img_00000006.jpg,romper,66,low_resolution
796c9e74b2669533,data/raw/deepfashion_category/img/Abstract_Arrow_Flounce_Romper/img_00000007.jpg,romper,66,low_resolution
4fbd8633d2420350,data/raw/deepfashion_category/img/Abstract_Arrow_Flounce_Romper/img_00000008.jpg,romper,66,low_resolution
828efca6fd7915e1,data/raw/deepfashion_category/img/Abstract_Arrow_Flounce_Romper/img_00000009.jpg,romper,66,low_resolution
bdcda55491b29c61,data/raw/deepfashion_category/img/Abstract_Arrow_Flounce_Romper/img_00000010.jpg,romper,66,low_resolution
075d3a3a85240a5a,data/raw/deepfashion_category/img/Abstract_Arrow_Flounce_Romper/img_00000011.jpg,romper,66,low_resolution
6681c5ad90e11131,data/raw/deepfashion_category/img/Abstract_Arrow_Flounce_Romper/img_00000012.jpg,romper,66,low_resolution
8d7c3a62239e92df,data/raw/deepfashion_category/img/Abstract_Arrow_Flounce_Romper/img_00000013.jpg,romper,66,low_resolution
f1329ebacd3046cc,data/raw/deepfashion_category/img/Abstract_Arrow_Flounce_Romper/img_00000014.jpg,romper,66,low_resolution
061f7e9554f81ee6,data/raw/deepfashion_category/img/Abstract_Arrow_Flounce_Romper/img_00000015.jpg,romper,66,low_resolution
1f6b65a060e66f31,data/raw/deepfashion_category/img/Abstract_Arrow_Flounce_Romper/img_00000016.jpg,romper,66,low_resolution
2fdc0301cb6ce8be,data/raw/deepfashion_category/img/Abstract_Arrow_Flounce_Romper/img_00000018.jpg,romper,66,low_resolution
a2139d4330079ccc,data/raw/deepfashion_category/img/Abstract_Arrow_Flounce_Romper/img_00000019.jpg,romper,66,low_resolution
e495288c3662242e,data/raw/deepfashion_category/img/Abstract_Arrow_Flounce_Romper/img_00000021.jpg,romper,66,low_resolution
d2b00c3b0965bd95,data/raw/deepfashion_category/img/Abstract_Arrow_Flounce_Romper/img_00000022.jpg,romper,66,low_resolution
e9bf2c653c7c9fc5,data/raw/deepfashion_category/img/Abstract_Asymmetrical_Hem_Top/img_00000001.jpg,top,66,low_resolution
06f78b3e5868e56f,data/raw/deepfashion_category/img/Abstract_Asymmetrical_Hem_Top/img_00000003.jpg,top,66,low_resolution
5c120cfea6895ff2,data/raw/deepfashion_category/img/Abstract_Asymmetrical_Hem_Top/img_00000004.jpg,top,66,low_resolution
63494b22a09e4bf1,data/raw/deepfashion_category/img/Abstract_Asymmetrical_Hem_Top/img_00000005.jpg,top,66,low_resolution
5af14cd9d0f9129b,data/raw/deepfashion_category/img/Abstract_Asymmetrical_Hem_Top/img_00000012.jpg,top,66,low_resolution
6ea98ff585e8a9dd,data/raw/deepfashion_category/img/Abstract_Asymmetrical_Hem_Top/img_00000014.jpg,top,66,low_resolution
df466739cba7fa56,data/raw/deepfashion_category/img/Abstract_Asymmetrical_Hem_Top/img_00000016.jpg,top,66,low_resolution
bc95bb81ffa0adc0,data/raw/deepfashion_category/img/Abstract_Asymmetrical_Hem_Top/img_00000023.jpg,top,66,low_resolution
070acdd017647d78,data/raw/deepfashion_category/img/Abstract_Asymmetrical_Hem_Top/img_00000024.jpg,top,66,low_resolution
e9db66ce6cbd80aa,data/raw/deepfashion_category/img/Abstract_Asymmetrical_Hem_Top/img_00000026.jpg,top,66,low_resolution
7478dc7f10ddb9e9,data/raw/deepfashion_category/img/Abstract_Asymmetrical_Hem_Top/img_00000027.jpg,top,66,low_resolution
89c10e3ae853fb6a,data/raw/deepfashion_category/img/Abstract_Asymmetrical_Hem_Top/img_00000028.jpg,top,66,low_resolution
969c30e6655b7d04,data/raw/deepfashion_category/img/Abstract_Asymmetrical_Hem_Top/img_00000029.jpg,top,66,low_resolution
bce2da51de8f1d6a,data/raw/deepfashion_category/img/Abstract_Asymmetrical_Hem_Top/img_00000031.jpg,top,66,low_resolution
91f8eee2087da566,data/raw/deepfashion_category/img/Abstract_Asymmetrical_Hem_Top/img_00000035.jpg,top,66,low_resolution
f07c7c57f77d755f,data/raw/deepfashion_category/img/Abstract_Asymmetrical_Hem_Top/img_00000038.jpg,top,66,low_resolution
09a28c3efc7ee2af,data/raw/deepfashion_category/img/Abstract_Asymmetrical_Hem_Top/img_00000039.jpg,top,66,low_resolution
a5d82070edc518a0,data/raw/deepfashion_category/img/Abstract_Asymmetrical_Hem_Top/img_00000044.jpg,top,66,low_resolution
e7382f547777e77b,data/raw/deepfashion_category/img/Abstract_Asymmetrical_Hem_Top/img_00000047.jpg,top,66,low_resolution
09546f9033045d6a,data/raw/deepfashion_category/img/Abstract_Asymmetrical_Hem_Top/img_00000049.jpg,top,66,low_resolution
ee7ce9410f4b3955,data/raw/deepfashion_category/img/Abstract_Asymmetrical_Hem_Top/img_00000052.jpg,top,66,low_resolution
f3b817dadfb1ba51,data/raw/deepfashion_category/img/Abstract_Bodycon_Dress/img_00000001.jpg,dress,71,low_resolution
10267338b3942378,data/raw/deepfashion_category/img/Abstract_Bodycon_Dress/img_00000002.jpg,dress,71,low_resolution
bafd5da4d00201aa,data/raw/deepfashion_category/img/Abstract_Bodycon_Dress/img_00000006.jpg,dress,71,low_resolution
e6e50abf4b12cbfa,data/raw/deepfashion_category/img/Abstract_Bodycon_Dress/img_00000007.jpg,dress,71,low_resolution
bc0289c924ead571,data/raw/deepfashion_category/img/Abstract_Bodycon_Dress/img_00000008.jpg,dress,71,low_resolution
8938901fe8b5d99c,data/raw/deepfashion_category/img/Abstract_Bodycon_Dress/img_00000011.jpg,dress,71,low_resolution
4bca8f28baf9bde0,data/raw/deepfashion_category/img/Abstract_Bodycon_Dress/img_00000012.jpg,dress,71,low_resolution
c960b3e27cf6dffe,data/raw/deepfashion_category/img/Abstract_Bodycon_Dress/img_00000013.jpg,dress,71,low_resolution
fdbb8c5133cdb8dc,data/raw/deepfashion_category/img/Abstract_Bodycon_Dress/img_00000014.jpg,dress,71,low_resolution
cca039c4577dd953,data/raw/deepfashion_category/img/Abstract_Bodycon_Dress/img_00000015.jpg,dress,71,low_resolution
0055311b45210352,data/raw/deepfashion_category/img/Abstract_Bodycon_Dress/img_00000017.jpg,dress,71,low_resolution
412b11ab8027c506,data/raw/deepfashion_category/img/Abstract_Bodycon_Dress/img_00000018.jpg,dress,71,low_resolution
cb579cadd1b7ccbb,data/raw/deepfashion_category/img/Abstract_Brushstroke_Pocket_Top/img_00000001.jpg,top,71,low_resolution
9835496ed9e5ac30,data/raw/deepfashion_category/img/Abstract_Brushstroke_Pocket_Top/img_00000002.jpg,top,71,low_resolution
c5f4fc3d0187db3f,data/raw/deepfashion_category/img/Abstract_Brushstroke_Pocket_Top/img_00000003.jpg,top,71,low_resolution
3682c5b7b07ba812,data/raw/deepfashion_category/img/Abstract_Brushstroke_Pocket_Top/img_00000006.jpg,top,71,low_resolution
2727f64e3a4e4622,data/raw/deepfashion_category/img/Abstract_Brushstroke_Pocket_Top/img_00000007.jpg,top,71,low_resolution
b88c90e1cd2f2858,data/raw/deepfashion_category/img/Abstract_Brushstroke_Pocket_Top/img_00000010.jpg,top,71,low_resolution
a225c49360ffe33a,data/raw/deepfashion_category/img/Abstract_Brushstroke_Pocket_Top/img_00000012.jpg,top,71,low_resolution
c6f6bd9f62ced92f,data/raw/deepfashion_category/img/Abstract_Brushstroke_Pocket_Top/img_00000013.jpg,top,71,low_resolution
fc2c95208b25ae83,data/raw/deepfashion_category/img/Abstract_Brushstroke_Pocket_Top/img_00000015.jpg,top,71,low_resolution
1ba6fbe8e2b23053,data/raw/deepfashion_category/img/Abstract_Brushstroke_Pocket_Top/img_00000016.jpg,top,71,low_resolution
9dc45801bd0255d9,data/raw/deepfashion_category/img/Abstract_Brushstroke_Pocket_Top/img_00000017.jpg,top,71,low_resolution
74a1e09550b41f95,data/raw/deepfashion_category/img/Abstract_Brushstroke_Pocket_Top/img_00000019.jpg,top,71,low_resolution
b1f3bb57e7e03064,data/raw/deepfashion_category/img/Abstract_Brushstroke_Pocket_Top/img_00000020.jpg,top,71,low_resolution
758b817723b54282,data/raw/deepfashion_category/img/Abstract_Brushstroke_Pocket_Top/img_00000021.jpg,top,71,low_resolution
e93c4d3a9f8aa415,data/raw/deepfashion_category/img/Abstract_Brushstroke_Pocket_Top/img_00000023.jpg,top,71,low_resolution
e055f5b2c0569d73,data/raw/deepfashion_category/img/Abstract_Brushstroke_Pocket_Top/img_00000026.jpg,top,71,low_resolution
8f1512449d11eecf,data/raw/deepfashion_category/img/Abstract_Brushstroke_Pocket_Top/img_00000030.jpg,top,71,low_resolution
5cd3e55ef6e6cc50,data/raw/deepfashion_category/img/Abstract_Brushstroke_Pocket_Top/img_00000032.jpg,top,71,low_resolution
aa9bab318dcd50d8,data/raw/deepfashion_category/img/Abstract_Brushstroke_Pocket_Top/img_00000036.jpg,top,71,low_resolution
591cc9322f799909,data/raw/deepfashion_category/img/Abstract_Brushstroke_Print_Pencil_Skirt/img_00000001.jpg,skirt,71,low_resolution
fb68d2739a1aa849,data/raw/deepfashion_category/img/Abstract_Brushstroke_Print_Pencil_Skirt/img_00000002.jpg,skirt,71,low_resolution
93f777c881ffdcdf,data/raw/deepfashion_category/img/Abstract_Brushstroke_Print_Pencil_Skirt/img_00000007.jpg,skirt,71,low_resolution
1c50926e2623b275,data/raw/deepfashion_category/img/Abstract_Brushstroke_Print_Pencil_Skirt/img_00000009.jpg,skirt,71,low_resolution
300f2f99a93c217b,data/raw/deepfashion_category/img/Abstract_Brushstroke_Print_Pencil_Skirt/img_00000012.jpg,skirt,71,low_resolution
8e1fe31304b0d712,data/raw/deepfashion_category/img/Abstract_Brushstroke_Print_Pencil_Skirt/img_00000013.jpg,skirt,71,low_resolution
fe60dd90b8e05703,data/raw/deepfashion_category/img/Abstract_Brushstroke_Print_Pencil_Skirt/img_00000016.jpg,skirt,71,low_resolution
ecfbd687c880f89f,data/raw/deepfashion_category/img/Abstract_Brushstroke_Print_Pencil_Skirt/img_00000018.jpg,skirt,71,low_resolution
4065a9c2c16a0d39,data/raw/deepfashion_category/img/Abstract_Brushstroke_Print_Pencil_Skirt/img_00000020.jpg,skirt,61,duplicate_image;low_resolution
b4d327c0a62e34d3,data/raw/deepfashion_category/img/Abstract_Brushstroke_Print_Pencil_Skirt/img_00000021.jpg,skirt,71,low_resolution
3e107c35c2fe5693,data/raw/deepfashion_category/img/Abstract_Brushstroke_Print_Pencil_Skirt/img_00000022.jpg,skirt,71,low_resolution
76f88c2bc3ab72b2,data/raw/deepfashion_category/img/Abstract_Brushstroke_Print_Pencil_Skirt/img_00000024.jpg,skirt,71,low_resolution
c633583a300808cb,data/raw/deepfashion_category/img/Abstract_Brushstroke_Print_Pencil_Skirt/img_00000025.jpg,skirt,71,low_resolution
e30dc85120386580,data/raw/deepfashion_category/img/Abstract_Brushstroke_Print_Pencil_Skirt/img_00000026.jpg,skirt,71,low_resolution
45df44a6ab1a20e4,data/raw/deepfashion_category/img/Abstract_Brushstroke_Print_Pencil_Skirt/img_00000028.jpg,skirt,71,low_resolution
7e0d48099089a4de,data/raw/deepfashion_category/img/Abstract_Brushstroke_Print_Pencil_Skirt/img_00000029.jpg,skirt,71,low_resolution
d0cdae05bc097854,data/raw/deepfashion_category/img/Abstract_Brushstroke_Print_Pencil_Skirt/img_00000032.jpg,skirt,71,low_resolution
e9fa991a53a2538d,data/raw/deepfashion_category/img/Abstract_Brushstroke_Print_Pencil_Skirt/img_00000034.jpg,skirt,71,low_resolution
4401f7003611f460,data/raw/deepfashion_category/img/Abstract_Brushstroke_Print_Pencil_Skirt/img_00000036.jpg,skirt,71,low_resolution
c8aaf5dee52fca1d,data/raw/deepfashion_category/img/Abstract_Brushstroke_Sweater/img_00000001.jpg,sweater,66,low_resolution
9f2ecace747ecd18,data/raw/deepfashion_category/img/Abstract_Brushstroke_Sweater/img_00000005.jpg,sweater,66,low_resolution
88bc43be8f77ffca,data/raw/deepfashion_category/img/Abstract_Brushstroke_Sweater/img_00000006.jpg,sweater,66,low_resolution
f8935279320fee5a,data/raw/deepfashion_category/img/Abstract_Brushstroke_Sweater/img_00000007.jpg,sweater,66,low_resolution
5c9a749b0edd9615,data/raw/deepfashion_category/img/Abstract_Brushstroke_Sweater/img_00000008.jpg,sweater,66,low_resolution
3b4ce2a5f9c9a1e3,data/raw/deepfashion_category/img/Abstract_Brushstroke_Sweater/img_00000009.jpg,sweater,66,low_resolution
5395b05faa298ee3,data/raw/deepfashion_category/img/Abstract_Brushstroke_Sweater/img_00000012.jpg,sweater,66,low_resolution
1807837660212738,data/raw/deepfashion_category/img/Abstract_Brushstroke_Sweater/img_00000013.jpg,sweater,66,low_resolution
e222f29303e8a80d,data/raw/deepfashion_category/img/Abstract_Brushstroke_Sweater/img_00000017.jpg,sweater,66,low_resolution
4b0dce8495bac6e3,data/raw/deepfashion_category/img/Abstract_Brushstroke_Sweater/img_00000018.jpg,sweater,66,low_resolution
fe64bbba6e8bb18f,data/raw/deepfashion_category/img/Abstract_Brushstroke_Sweater/img_00000023.jpg,sweater,66,low_resolution
ad540a1ec881acd6,data/raw/deepfashion_category/img/Abstract_Brushstroke_Sweater/img_00000025.jpg,sweater,66,low_resolution
f00ae5a719159606,data/raw/deepfashion_category/img/Abstract_Brushstroke_Sweater/img_00000027.jpg,sweater,66,low_resolution
01c43c59eb446d67,data/raw/deepfashion_category/img/Abstract_Brushstroke_Sweater/img_00000029.jpg,sweater,66,low_resolution
673c5dfeea0db9b4,data/raw/deepfashion_category/img/Abstract_Brushstroke_Sweater/img_00000030.jpg,sweater,66,low_resolution
dcb6056cd00f8227,data/raw/deepfashion_category/img/Abstract_Brushstroke_Sweater/img_00000031.jpg,sweater,66,low_resolution
b5467108b85400eb,data/raw/deepfashion_category/img/Abstract_Brushstroke_Sweater/img_00000032.jpg,sweater,66,low_resolution
84eae17f98520c28,data/raw/deepfashion_category/img/Abstract_Brushstroke_Sweater/img_00000033.jpg,sweater,66,low_resolution
5f16e054a930dfcf,data/raw/deepfashion_category/img/Abstract_Brushstroke_Sweater/img_00000035.jpg,sweater,66,low_resolution
e14929b432717d5c,data/raw/deepfashion_category/img/Abstract_Brushstroke_Sweater/img_00000036.jpg,sweater,66,low_resolution
bcf80fbeb9d9b6b6,data/raw/deepfashion_category/img/Abstract_Buttoned_Top/img_00000001.jpg,top,66,low_resolution
4794b95cd85c4f45,data/raw/deepfashion_category/img/Abstract_Buttoned_Top/img_00000002.jpg,top,66,low_resolution
68f35e015caaf266,data/raw/deepfashion_category/img/Abstract_Buttoned_Top/img_00000004.jpg,top,66,low_resolution
40b4603fc980a134,data/raw/deepfashion_category/img/Abstract_Buttoned_Top/img_00000005.jpg,top,66,low_resolution
2f542cfef3e1b6df,data/raw/deepfashion_category/img/Abstract_Buttoned_Top/img_00000006.jpg,top,66,low_resolution
21fa034c486b626c,data/raw/deepfashion_category/img/Abstract_Buttoned_Top/img_00000008.jpg,top,66,low_resolution
8780fcebd923ca56,data/raw/deepfashion_category/img/Abstract_Buttoned_Top/img_00000009.jpg,top,66,low_resolution
cc2ed9408504831d,data/raw/deepfashion_category/img/Abstract_Buttoned_Top/img_00000010.jpg,top,66,low_resolution
8e53e6ef6c0c2387,data/raw/deepfashion_category/img/Abstract_Buttoned_Top/img_00000011.jpg,top,66,low_resolution
